{
  "type": "FeatureCollection",
  "generator": "overpass-turbo",
  "copyright": "The data included in this document is from www.openstreetmap.org. The data is made available under ODbL.",
  "timestamp": "2026-03-14T14:34:28Z",
  "features": [
    {
      "type": "Feature",
      "properties": {
        "@id": "node/292083673",
        "bench": "yes",
        "bin": "yes",
        "bus": "yes",
        "departures_board": "timetable",
        "highway": "bus_stop",
        "name": "Racławicka 01",
        "network": "ZIM Słupsk",
        "operator": "ZIM Słupsk",
        "public_transport": "platform",
        "ref": "5141",
        "shelter": "yes"
      },
      "geometry": {
        "type": "Point",
        "coordinates": [
          17.0477356,
          54.4540648
        ]
      },
      "id": "node/292083673"
    },
    {
      "type": "Feature",
      "properties": {
        "@id": "node/2033937523",
        "bus": "yes",
        "highway": "bus_stop",
        "name": "Dmowskiego",
        "public_transport": "platform",
        "shelter": "no"
      },
      "geometry": {
        "type": "Point",
        "coordinates": [
          16.9848082,
          54.4557124
        ]
      },
      "id": "node/2033937523"
    },
    {
      "type": "Feature",
      "properties": {
        "@id": "node/2033937537",
        "bench": "yes",
        "bin": "yes",
        "bus": "yes",
        "departures_board": "realtime",
        "highway": "bus_stop",
        "name": "Ratusz 01",
        "network": "ZIM Słupsk",
        "operator": "ZIM Słupsk",
        "public_transport": "platform",
        "ref": "6211",
        "shelter": "yes"
      },
      "geometry": {
        "type": "Point",
        "coordinates": [
          17.0260656,
          54.4639684
        ]
      },
      "id": "node/2033937537"
    },
    {
      "type": "Feature",
      "properties": {
        "@id": "node/2033937608",
        "bench": "no",
        "bin": "yes",
        "bus": "yes",
        "departures_board": "timetable",
        "highway": "bus_stop",
        "lit": "yes",
        "name": "Andersa 02",
        "network": "ZIM Słupsk",
        "operator": "ZIM Słupsk",
        "public_transport": "platform",
        "ref": "1042",
        "shelter": "no",
        "tactile_paving": "no"
      },
      "geometry": {
        "type": "Point",
        "coordinates": [
          16.9829975,
          54.4593828
        ]
      },
      "id": "node/2033937608"
    },
    {
      "type": "Feature",
      "properties": {
        "@id": "node/2669997052",
        "bench": "yes",
        "bin": "yes",
        "bus": "yes",
        "highway": "bus_stop",
        "name": "Włynkówko, skrzyżowanie",
        "public_transport": "platform",
        "shelter": "yes"
      },
      "geometry": {
        "type": "Point",
        "coordinates": [
          16.9970918,
          54.5052796
        ]
      },
      "id": "node/2669997052"
    },
    {
      "type": "Feature",
      "properties": {
        "@id": "node/2688496040",
        "bench": "yes",
        "bin": "yes",
        "bus": "yes",
        "departures_board": "realtime",
        "highway": "bus_stop",
        "name": "Sienkiewicza 02",
        "network": "ZIM Słupsk",
        "operator": "ZIM Słupsk",
        "public_transport": "platform",
        "ref": "6032",
        "shelter": "yes",
        "tactile_paving": "yes"
      },
      "geometry": {
        "type": "Point",
        "coordinates": [
          17.0291169,
          54.4682097
        ]
      },
      "id": "node/2688496040"
    },
    {
      "type": "Feature",
      "properties": {
        "@id": "node/2688496146",
        "bench": "yes",
        "bin": "yes",
        "bus": "yes",
        "departures_board": "realtime",
        "highway": "bus_stop",
        "lit": "yes",
        "name": "Sienkiewicza 01",
        "network": "ZIM Słupsk",
        "operator": "ZIM Słupsk",
        "public_transport": "platform",
        "ref": "6031",
        "shelter": "yes",
        "tactile_paving": "yes"
      },
      "geometry": {
        "type": "Point",
        "coordinates": [
          17.0277183,
          54.4681979
        ]
      },
      "id": "node/2688496146"
    },
    {
      "type": "Feature",
      "properties": {
        "@id": "node/2920101601",
        "bench": "yes",
        "bin": "no",
        "bus": "yes",
        "covered": "no",
        "highway": "bus_stop",
        "lit": "no",
        "name": "3 Maja - Zachodnia 02",
        "network": "ZIM Słupsk",
        "operator": "ZIM Słupsk",
        "public_transport": "platform",
        "ref": "2022",
        "shelter": "yes",
        "shelter_type": "public_transport",
        "tactile_paving": "yes"
      },
      "geometry": {
        "type": "Point",
        "coordinates": [
          16.985256,
          54.4765598
        ]
      },
      "id": "node/2920101601"
    },
    {
      "type": "Feature",
      "properties": {
        "@id": "node/3033194017",
        "bench": "yes",
        "bin": "yes",
        "bus": "yes",
        "departures_board": "timetable",
        "highway": "bus_stop",
        "lit": "yes",
        "name": "Kobylnica - Urząd Gminy 01",
        "public_transport": "platform",
        "ref": "7251",
        "shelter": "yes",
        "tactile_paving": "no"
      },
      "geometry": {
        "type": "Point",
        "coordinates": [
          17.0014258,
          54.4441808
        ]
      },
      "id": "node/3033194017"
    },
    {
      "type": "Feature",
      "properties": {
        "@id": "node/3033194018",
        "bench": "yes",
        "bus": "yes",
        "departures_board": "timetable",
        "highway": "bus_stop",
        "lit": "yes",
        "name": "Kobylnica 01",
        "public_transport": "platform",
        "ref": "7121",
        "shelter": "yes",
        "tactile_paving": "no"
      },
      "geometry": {
        "type": "Point",
        "coordinates": [
          16.9970389,
          54.439201
        ]
      },
      "id": "node/3033194018"
    },
    {
      "type": "Feature",
      "properties": {
        "@id": "node/3033194019",
        "bench": "no",
        "bus": "yes",
        "departures_board": "timetable",
        "highway": "bus_stop",
        "lit": "no",
        "name": "Kobylnica, Główna - Bukowa",
        "public_transport": "platform",
        "ref": "75",
        "shelter": "no",
        "tactile_paving": "no"
      },
      "geometry": {
        "type": "Point",
        "coordinates": [
          16.9996382,
          54.4344989
        ]
      },
      "id": "node/3033194019"
    },
    {
      "type": "Feature",
      "properties": {
        "@id": "node/3033194020",
        "bench": "yes",
        "bin": "yes",
        "bus": "yes",
        "departures_board": "timetable",
        "highway": "bus_stop",
        "lit": "yes",
        "name": "Kobylnica - Urząd Gminy 02",
        "public_transport": "platform",
        "ref": "7251",
        "shelter": "yes",
        "tactile_paving": "no"
      },
      "geometry": {
        "type": "Point",
        "coordinates": [
          17.0028246,
          54.4445891
        ]
      },
      "id": "node/3033194020"
    },
    {
      "type": "Feature",
      "properties": {
        "@id": "node/3033194021",
        "bench": "yes",
        "bin": "yes",
        "bus": "yes",
        "departures_board": "timetable",
        "highway": "bus_stop",
        "lit": "yes",
        "name": "Kobylnica 02/04",
        "public_transport": "platform",
        "ref": "7122/7124",
        "shelter": "yes",
        "tactile_paving": "no"
      },
      "geometry": {
        "type": "Point",
        "coordinates": [
          16.9976306,
          54.4395866
        ]
      },
      "id": "node/3033194021"
    },
    {
      "type": "Feature",
      "properties": {
        "@id": "node/3033265099",
        "bench": "no",
        "bus": "yes",
        "departures_board": "timetable",
        "highway": "bus_stop",
        "lit": "no",
        "name": "Poznańska - Poprzeczna N/Ż 01",
        "network": "ZIM Słupsk",
        "operator": "ZIM Słupsk",
        "public_transport": "platform",
        "ref": "6151",
        "shelter": "no",
        "tactile_paving": "no"
      },
      "geometry": {
        "type": "Point",
        "coordinates": [
          17.0103822,
          54.4483545
        ]
      },
      "id": "node/3033265099"
    },
    {
      "type": "Feature",
      "properties": {
        "@id": "node/3033265100",
        "bench": "yes",
        "bus": "yes",
        "departures_board": "timetable",
        "highway": "bus_stop",
        "lit": "no",
        "name": "Poznańska - Poprzeczna N/Ż 02",
        "network": "ZIM Słupsk",
        "operator": "ZIM Słupsk",
        "public_transport": "platform",
        "ref": "6152",
        "shelter": "yes",
        "tactile_paving": "no"
      },
      "geometry": {
        "type": "Point",
        "coordinates": [
          17.0117917,
          54.4490274
        ]
      },
      "id": "node/3033265100"
    },
    {
      "type": "Feature",
      "properties": {
        "@id": "node/3033342807",
        "bench": "yes",
        "bin": "yes",
        "bus": "yes",
        "departures_board": "timetable",
        "highway": "bus_stop",
        "name": "Jaracza 01",
        "network": "ZIM Słupsk",
        "operator": "ZIM Słupsk",
        "public_transport": "platform",
        "ref": "6111",
        "shelter": "no",
        "tactile_paving": "yes"
      },
      "geometry": {
        "type": "Point",
        "coordinates": [
          17.0288205,
          54.4626543
        ]
      },
      "id": "node/3033342807"
    },
    {
      "type": "Feature",
      "properties": {
        "@id": "node/3033342808",
        "bench": "yes",
        "bin": "yes",
        "bus": "yes",
        "departures_board": "realtime",
        "highway": "bus_stop",
        "name": "Lutosławskiego 01",
        "network": "ZIM Słupsk",
        "operator": "ZIM Słupsk",
        "public_transport": "platform",
        "ref": "6121",
        "shelter": "yes"
      },
      "geometry": {
        "type": "Point",
        "coordinates": [
          17.0285809,
          54.4596574
        ]
      },
      "id": "node/3033342808"
    },
    {
      "type": "Feature",
      "properties": {
        "@id": "node/3033342809",
        "bench": "yes",
        "bin": "yes",
        "bus": "yes",
        "departures_board": "realtime",
        "highway": "bus_stop",
        "lit": "yes",
        "name": "Plac Dąbrowskiego 02",
        "network": "ZIM Słupsk",
        "operator": "ZIM Słupsk",
        "public_transport": "platform",
        "ref": "6202",
        "shelter": "yes",
        "tactile_paving": "no"
      },
      "geometry": {
        "type": "Point",
        "coordinates": [
          17.0203416,
          54.4644579
        ]
      },
      "id": "node/3033342809"
    },
    {
      "type": "Feature",
      "properties": {
        "@id": "node/3033342810",
        "bench": "yes",
        "bin": "yes",
        "bus": "yes",
        "departures_board": "timetable",
        "highway": "bus_stop",
        "name": "Jaracza 02",
        "network": "ZIM Słupsk",
        "operator": "ZIM Słupsk",
        "public_transport": "platform",
        "ref": "6112",
        "shelter": "yes",
        "tactile_paving": "yes"
      },
      "geometry": {
        "type": "Point",
        "coordinates": [
          17.0289322,
          54.4632476
        ]
      },
      "id": "node/3033342810"
    },
    {
      "type": "Feature",
      "properties": {
        "@id": "node/3033342811",
        "bench": "no",
        "bin": "yes",
        "bus": "yes",
        "departures_board": "timetable",
        "highway": "bus_stop",
        "name": "Os. Nadrzecze 01",
        "network": "ZIM Słupsk",
        "operator": "ZIM Słupsk",
        "public_transport": "platform",
        "ref": "6131",
        "shelter": "no"
      },
      "geometry": {
        "type": "Point",
        "coordinates": [
          17.0216831,
          54.455367
        ]
      },
      "id": "node/3033342811"
    },
    {
      "type": "Feature",
      "properties": {
        "@id": "node/3033342812",
        "bench": "yes",
        "bin": "yes",
        "bus": "yes",
        "departures_board": "realtime",
        "highway": "bus_stop",
        "name": "Os. Nadrzecze 02",
        "network": "ZIM Słupsk",
        "operator": "ZIM Słupsk",
        "public_transport": "platform",
        "ref": "6132",
        "shelter": "yes"
      },
      "geometry": {
        "type": "Point",
        "coordinates": [
          17.0234164,
          54.4561309
        ]
      },
      "id": "node/3033342812"
    },
    {
      "type": "Feature",
      "properties": {
        "@id": "node/3033342813",
        "bench": "yes",
        "bin": "yes",
        "bus": "yes",
        "departures_board": "realtime",
        "highway": "bus_stop",
        "name": "Lutosławskiego 02",
        "network": "ZIM Słupsk",
        "operator": "ZIM Słupsk",
        "public_transport": "platform",
        "ref": "6122",
        "shelter": "yes",
        "tactile_paving": "no"
      },
      "geometry": {
        "type": "Point",
        "coordinates": [
          17.0282656,
          54.4591234
        ]
      },
      "id": "node/3033342813"
    },
    {
      "type": "Feature",
      "properties": {
        "@id": "node/3033342815",
        "bench": "yes",
        "bin": "yes",
        "bus": "yes",
        "departures_board": "realtime",
        "highway": "bus_stop",
        "lit": "yes",
        "name": "Plac Dąbrowskiego 01",
        "network": "ZIM Słupsk",
        "operator": "ZIM Słupsk",
        "public_transport": "platform",
        "ref": "6201",
        "shelter": "yes"
      },
      "geometry": {
        "type": "Point",
        "coordinates": [
          17.0202285,
          54.4642123
        ]
      },
      "id": "node/3033342815"
    },
    {
      "type": "Feature",
      "properties": {
        "@id": "node/3033342816",
        "bench": "yes",
        "bin": "yes",
        "bus": "yes",
        "departures_board": "timetable",
        "highway": "bus_stop",
        "name": "Poznańska N/Ż 02",
        "network": "ZIM Słupsk",
        "operator": "ZIM Słupsk",
        "public_transport": "platform",
        "ref": "6142",
        "shelter": "no"
      },
      "geometry": {
        "type": "Point",
        "coordinates": [
          17.0185817,
          54.4531048
        ]
      },
      "id": "node/3033342816"
    },
    {
      "type": "Feature",
      "properties": {
        "@id": "node/3033342817",
        "bench": "yes",
        "bin": "yes",
        "bus": "yes",
        "departures_board": "realtime",
        "highway": "bus_stop",
        "lit": "yes",
        "name": "Dworzec Kolejowy i Autobusowy 01",
        "network": "ZIM Słupsk",
        "operator": "ZIM Słupsk",
        "public_transport": "platform",
        "ref": "6011",
        "shelter": "yes",
        "tactile_paving": "yes"
      },
      "geometry": {
        "type": "Point",
        "coordinates": [
          17.0190622,
          54.4672848
        ]
      },
      "id": "node/3033342817"
    },
    {
      "type": "Feature",
      "properties": {
        "@id": "node/3033342818",
        "bench": "yes",
        "bin": "yes",
        "bus": "yes",
        "departures_board": "realtime",
        "highway": "bus_stop",
        "lit": "yes",
        "name": "Ratusz 02",
        "network": "ZIM Słupsk",
        "operator": "ZIM Słupsk",
        "public_transport": "platform",
        "ref": "6212",
        "shelter": "yes",
        "tactile_paving": "yes"
      },
      "geometry": {
        "type": "Point",
        "coordinates": [
          17.0248263,
          54.4651603
        ]
      },
      "id": "node/3033342818"
    },
    {
      "type": "Feature",
      "properties": {
        "@id": "node/3033342819",
        "bench": "no",
        "bin": "yes",
        "bus": "yes",
        "departures_board": "timetable",
        "highway": "bus_stop",
        "lit": "no",
        "name": "Poznańska 03/04",
        "network": "ZIM Słupsk",
        "operator": "ZIM Słupsk",
        "public_transport": "platform",
        "ref": "6143/6144",
        "shelter": "no",
        "tactile_paving": "no"
      },
      "geometry": {
        "type": "Point",
        "coordinates": [
          17.0152657,
          54.4513816
        ]
      },
      "id": "node/3033342819"
    },
    {
      "type": "Feature",
      "properties": {
        "@id": "node/3033342820",
        "bench": "yes",
        "bin": "yes",
        "bus": "yes",
        "departures_board": "realtime",
        "highway": "bus_stop",
        "lit": "yes",
        "name": "Wojska Polskiego 01",
        "network": "ZIM Słupsk",
        "operator": "ZIM Słupsk",
        "public_transport": "platform",
        "ref": "6021",
        "shelter": "yes",
        "tactile_paving": "yes"
      },
      "geometry": {
        "type": "Point",
        "coordinates": [
          17.0254092,
          54.4671024
        ]
      },
      "id": "node/3033342820"
    },
    {
      "type": "Feature",
      "properties": {
        "@id": "node/3033808630",
        "bench": "no",
        "bin": "yes",
        "bus": "yes",
        "departures_board": "timetable",
        "highway": "bus_stop",
        "name": "Przemysłowa - Pomorska 02",
        "network": "ZIM Słupsk",
        "operator": "ZIM Słupsk",
        "public_transport": "platform",
        "ref": "6172",
        "shelter": "no"
      },
      "geometry": {
        "type": "Point",
        "coordinates": [
          17.0167324,
          54.4574718
        ]
      },
      "id": "node/3033808630"
    },
    {
      "type": "Feature",
      "properties": {
        "@id": "node/3033808631",
        "bus": "yes",
        "departures_board": "timetable",
        "highway": "bus_stop",
        "name": "Kobylnica - Kilińskiego 02",
        "public_transport": "platform",
        "ref": "7282"
      },
      "geometry": {
        "type": "Point",
        "coordinates": [
          16.9987973,
          54.4474512
        ]
      },
      "id": "node/3033808631"
    },
    {
      "type": "Feature",
      "properties": {
        "@id": "node/3033809434",
        "bench": "yes",
        "bus": "yes",
        "highway": "bus_stop",
        "name": "Guma Pomorska N/Ż 01",
        "public_transport": "platform",
        "ref": "10221 I 505/1",
        "shelter": "yes"
      },
      "geometry": {
        "type": "Point",
        "coordinates": [
          17.0856209,
          54.4489595
        ]
      },
      "id": "node/3033809434"
    },
    {
      "type": "Feature",
      "properties": {
        "@id": "node/3033809435",
        "bench": "yes",
        "bin": "yes",
        "bus": "yes",
        "departures_board": "timetable",
        "highway": "bus_stop",
        "name": "Przemysłowa - Pomorska 01",
        "network": "ZIM Słupsk",
        "operator": "ZIM Słupsk",
        "public_transport": "platform",
        "ref": "6171",
        "shelter": "yes"
      },
      "geometry": {
        "type": "Point",
        "coordinates": [
          17.0155959,
          54.4573428
        ]
      },
      "id": "node/3033809435"
    },
    {
      "type": "Feature",
      "properties": {
        "@id": "node/3033809436",
        "bench": "yes",
        "bin": "yes",
        "bus": "yes",
        "departures_board": "realtime",
        "highway": "bus_stop",
        "name": "Os. Westerplatte 01",
        "network": "ZIM Słupsk",
        "operator": "ZIM Słupsk",
        "public_transport": "platform",
        "ref": "5061",
        "shelter": "yes"
      },
      "geometry": {
        "type": "Point",
        "coordinates": [
          17.0600228,
          54.4574595
        ]
      },
      "id": "node/3033809436"
    },
    {
      "type": "Feature",
      "properties": {
        "@id": "node/3033809437",
        "bus": "yes",
        "departures_board": "timetable",
        "highway": "bus_stop",
        "name": "Kobylnica - Baza MZK 02",
        "public_transport": "platform",
        "ref": "7232"
      },
      "geometry": {
        "type": "Point",
        "coordinates": [
          16.9937607,
          54.4488276
        ]
      },
      "id": "node/3033809437"
    },
    {
      "type": "Feature",
      "properties": {
        "@id": "node/3033809438",
        "bench": "no",
        "bus": "yes",
        "highway": "bus_stop",
        "name": "Sojki N/Ż 02",
        "network": "ZIM Słupsk",
        "operator": "ZIM Słupsk",
        "public_transport": "platform",
        "ref": "5042",
        "shelter": "no"
      },
      "geometry": {
        "type": "Point",
        "coordinates": [
          17.0680269,
          54.4573485
        ]
      },
      "id": "node/3033809438"
    },
    {
      "type": "Feature",
      "properties": {
        "@id": "node/3033809440",
        "bench": "no",
        "bus": "yes",
        "highway": "bus_stop",
        "name": "Sojki N/Ż 01",
        "network": "ZIM Słupsk",
        "operator": "ZIM Słupsk",
        "public_transport": "platform",
        "ref": "5041",
        "shelter": "no"
      },
      "geometry": {
        "type": "Point",
        "coordinates": [
          17.0693403,
          54.4565326
        ]
      },
      "id": "node/3033809440"
    },
    {
      "type": "Feature",
      "properties": {
        "@id": "node/3033809442",
        "bench": "yes",
        "bin": "yes",
        "bus": "yes",
        "highway": "bus_stop",
        "name": "Guma Pomorska N/Ż 02",
        "public_transport": "platform",
        "ref": "10222 I 505/2",
        "shelter": "yes"
      },
      "geometry": {
        "type": "Point",
        "coordinates": [
          17.0866013,
          54.4486699
        ]
      },
      "id": "node/3033809442"
    },
    {
      "type": "Feature",
      "properties": {
        "@id": "node/3033809444",
        "bench": "yes",
        "bin": "yes",
        "bus": "yes",
        "departures_board": "timetable",
        "highway": "bus_stop",
        "name": "Hubalczyków 01",
        "network": "ZIM Słupsk",
        "operator": "ZIM Słupsk",
        "public_transport": "platform",
        "ref": "5071",
        "shelter": "yes"
      },
      "geometry": {
        "type": "Point",
        "coordinates": [
          17.0610819,
          54.4490441
        ]
      },
      "id": "node/3033809444"
    },
    {
      "type": "Feature",
      "properties": {
        "@id": "node/3033809445",
        "bench": "yes",
        "bin": "yes",
        "bus": "yes",
        "departures_board": "timetable",
        "highway": "bus_stop",
        "name": "Szpital 02",
        "network": "ZIM Słupsk",
        "operator": "ZIM Słupsk",
        "public_transport": "platform",
        "ref": "5202",
        "shelter": "yes"
      },
      "geometry": {
        "type": "Point",
        "coordinates": [
          17.0601561,
          54.4518198
        ]
      },
      "id": "node/3033809445"
    },
    {
      "type": "Feature",
      "properties": {
        "@id": "node/3033809446",
        "bench": "yes",
        "bin": "yes",
        "bus": "yes",
        "departures_board": "timetable",
        "highway": "bus_stop",
        "name": "Pomorska 01",
        "network": "ZIM Słupsk",
        "operator": "ZIM Słupsk",
        "public_transport": "platform",
        "ref": "6161",
        "shelter": "yes"
      },
      "geometry": {
        "type": "Point",
        "coordinates": [
          17.0189648,
          54.4560963
        ]
      },
      "id": "node/3033809446"
    },
    {
      "type": "Feature",
      "properties": {
        "@id": "node/3033809447",
        "bus": "yes",
        "departures_board": "timetable",
        "highway": "bus_stop",
        "name": "Kobylnica - Baza MZK 03",
        "public_transport": "platform",
        "ref": "7273"
      },
      "geometry": {
        "type": "Point",
        "coordinates": [
          16.9936189,
          54.4487672
        ]
      },
      "id": "node/3033809447"
    },
    {
      "type": "Feature",
      "properties": {
        "@id": "node/3033809451",
        "bus": "yes",
        "departures_board": "timetable",
        "highway": "bus_stop",
        "name": "Kobylnica - Kilińskiego 01",
        "public_transport": "platform",
        "ref": "7281",
        "shelter": "yes"
      },
      "geometry": {
        "type": "Point",
        "coordinates": [
          16.9968668,
          54.447893
        ]
      },
      "id": "node/3033809451"
    },
    {
      "type": "Feature",
      "properties": {
        "@id": "node/3033809452",
        "bench": "yes",
        "bus": "yes",
        "departures_board": "realtime",
        "highway": "bus_stop",
        "name": "Os. Westerplatte 02",
        "network": "ZIM Słupsk",
        "operator": "ZIM Słupsk",
        "public_transport": "platform",
        "ref": "5062",
        "shelter": "yes",
        "tactile_paving": "yes"
      },
      "geometry": {
        "type": "Point",
        "coordinates": [
          17.0602998,
          54.4575974
        ]
      },
      "id": "node/3033809452"
    },
    {
      "type": "Feature",
      "properties": {
        "@id": "node/3572683493",
        "bench": "yes",
        "bin": "yes",
        "bus": "yes",
        "departures_board": "realtime",
        "highway": "bus_stop",
        "name": "Redzikowo - Osiedle 02",
        "public_transport": "platform",
        "ref": "8142",
        "shelter": "yes"
      },
      "geometry": {
        "type": "Point",
        "coordinates": [
          17.1047751,
          54.4702179
        ]
      },
      "id": "node/3572683493"
    },
    {
      "type": "Feature",
      "properties": {
        "@id": "node/3642311284",
        "bench": "yes",
        "bus": "yes",
        "covered": "no",
        "departures_board": "timetable",
        "highway": "bus_stop",
        "name": "Kobylnica - Witosa 02/03",
        "public_transport": "platform",
        "ref": "7202/7203"
      },
      "geometry": {
        "type": "Point",
        "coordinates": [
          16.9744589,
          54.4500349
        ]
      },
      "id": "node/3642311284"
    },
    {
      "type": "Feature",
      "properties": {
        "@id": "node/3957050496",
        "bench": "no",
        "bin": "yes",
        "bus": "yes",
        "departures_board": "timetable",
        "highway": "bus_stop",
        "name": "Gdańska - Działkowiec N/Ż 01",
        "network": "ZIM Słupsk",
        "operator": "ZIM Słupsk",
        "public_transport": "platform",
        "ref": "4032",
        "shelter": "no"
      },
      "geometry": {
        "type": "Point",
        "coordinates": [
          17.065752,
          54.4693509
        ]
      },
      "id": "node/3957050496"
    },
    {
      "type": "Feature",
      "properties": {
        "@id": "node/3957050510",
        "bench": "yes",
        "bin": "yes",
        "bus": "yes",
        "departures_board": "timetable",
        "highway": "bus_stop",
        "name": "Gdańska - Działkowiec N/Ż 02",
        "network": "ZIM Słupsk",
        "operator": "ZIM Słupsk",
        "public_transport": "platform",
        "ref": "4032",
        "shelter": "yes"
      },
      "geometry": {
        "type": "Point",
        "coordinates": [
          17.0640708,
          54.4694616
        ]
      },
      "id": "node/3957050510"
    },
    {
      "type": "Feature",
      "properties": {
        "@id": "node/3957050523",
        "bench": "no",
        "bin": "no",
        "bus": "yes",
        "departures_board": "timetable",
        "highway": "bus_stop",
        "name": "Gdańska I N/Ż 01",
        "network": "ZIM Słupsk",
        "operator": "ZIM Słupsk",
        "public_transport": "platform",
        "ref": "4041",
        "shelter": "no"
      },
      "geometry": {
        "type": "Point",
        "coordinates": [
          17.0701175,
          54.4696413
        ]
      },
      "id": "node/3957050523"
    },
    {
      "type": "Feature",
      "properties": {
        "@id": "node/3957050547",
        "bench": "no",
        "bin": "yes",
        "bus": "yes",
        "departures_board": "timetable",
        "highway": "bus_stop",
        "name": "Gdańska I N/Ż 02",
        "network": "ZIM Słupsk",
        "operator": "ZIM Słupsk",
        "public_transport": "platform",
        "ref": "4042",
        "shelter": "no"
      },
      "geometry": {
        "type": "Point",
        "coordinates": [
          17.0691335,
          54.4697992
        ]
      },
      "id": "node/3957050547"
    },
    {
      "type": "Feature",
      "properties": {
        "@id": "node/3957050559",
        "bench": "no",
        "bin": "no",
        "bus": "yes",
        "departures_board": "timetable",
        "highway": "bus_stop",
        "name": "Gdańska III N/Ż 01",
        "network": "ZIM Słupsk",
        "operator": "ZIM Słupsk",
        "public_transport": "platform",
        "ref": "4061",
        "shelter": "no"
      },
      "geometry": {
        "type": "Point",
        "coordinates": [
          17.0879381,
          54.469873
        ]
      },
      "id": "node/3957050559"
    },
    {
      "type": "Feature",
      "properties": {
        "@id": "node/3957050572",
        "bench": "no",
        "bin": "no",
        "bus": "yes",
        "departures_board": "timetable",
        "highway": "bus_stop",
        "name": "Gdańska II N/Ż 01",
        "network": "ZIM Słupsk",
        "operator": "ZIM Słupsk",
        "public_transport": "platform",
        "ref": "4051",
        "shelter": "no"
      },
      "geometry": {
        "type": "Point",
        "coordinates": [
          17.0767748,
          54.4700828
        ]
      },
      "id": "node/3957050572"
    },
    {
      "type": "Feature",
      "properties": {
        "@id": "node/3957050585",
        "bench": "yes",
        "bin": "no",
        "bus": "yes",
        "departures_board": "timetable",
        "highway": "bus_stop",
        "name": "Gdańska II N/Ż 02",
        "network": "ZIM Słupsk",
        "operator": "ZIM Słupsk",
        "public_transport": "platform",
        "ref": "4052",
        "shelter": "no"
      },
      "geometry": {
        "type": "Point",
        "coordinates": [
          17.0800992,
          54.4705547
        ]
      },
      "id": "node/3957050585"
    },
    {
      "type": "Feature",
      "properties": {
        "@id": "node/4115244993",
        "bus": "yes",
        "departures_board": "timetable",
        "highway": "bus_stop",
        "name": "Kilińskiego 02",
        "network": "ZIM Słupsk",
        "operator": "ZIM Słupsk",
        "public_transport": "platform",
        "ref": "6252",
        "shelter": "yes"
      },
      "geometry": {
        "type": "Point",
        "coordinates": [
          17.0347883,
          54.4706299
        ]
      },
      "id": "node/4115244993"
    },
    {
      "type": "Feature",
      "properties": {
        "@id": "node/4115245095",
        "bus": "yes",
        "departures_board": "timetable",
        "highway": "bus_stop",
        "name": "Kilińskiego 01",
        "network": "ZIM Słupsk",
        "operator": "ZIM Słupsk",
        "public_transport": "platform",
        "ref": "6251",
        "shelter": "yes"
      },
      "geometry": {
        "type": "Point",
        "coordinates": [
          17.0367677,
          54.4708343
        ]
      },
      "id": "node/4115245095"
    },
    {
      "type": "Feature",
      "properties": {
        "@id": "node/4115245294",
        "bench": "yes",
        "bin": "yes",
        "bus": "yes",
        "departures_board": "timetable",
        "highway": "bus_stop",
        "lit": "no",
        "name": "Kaszubska - cmentarz 02",
        "network": "ZIM Słupsk",
        "operator": "ZIM Słupsk",
        "public_transport": "platform",
        "ref": "3012",
        "shelter": "yes",
        "tactile_paving": "no"
      },
      "geometry": {
        "type": "Point",
        "coordinates": [
          17.0392258,
          54.4722505
        ]
      },
      "id": "node/4115245294"
    },
    {
      "type": "Feature",
      "properties": {
        "@id": "node/4115245295",
        "bench": "yes",
        "bin": "yes",
        "bus": "yes",
        "departures_board": "timetable",
        "highway": "bus_stop",
        "name": "Os. Ryczewo 01",
        "network": "ZIM Słupsk",
        "operator": "ZIM Słupsk",
        "public_transport": "platform",
        "ref": "3071",
        "shelter": "yes"
      },
      "geometry": {
        "type": "Point",
        "coordinates": [
          17.0411979,
          54.4780298
        ]
      },
      "id": "node/4115245295"
    },
    {
      "type": "Feature",
      "properties": {
        "@id": "node/4115245392",
        "bin": "yes",
        "bus": "yes",
        "departures_board": "timetable",
        "highway": "bus_stop",
        "name": "Os. Ryczewo 02",
        "network": "ZIM Słupsk",
        "operator": "ZIM Słupsk",
        "public_transport": "platform",
        "ref": "3072",
        "shelter": "no"
      },
      "geometry": {
        "type": "Point",
        "coordinates": [
          17.0416768,
          54.4775376
        ]
      },
      "id": "node/4115245392"
    },
    {
      "type": "Feature",
      "properties": {
        "@id": "node/4115264189",
        "bench": "yes",
        "bin": "yes",
        "bus": "yes",
        "departures_board": "timetable",
        "highway": "bus_stop",
        "name": "Kaszubska - cmentarz 01",
        "network": "ZIM Słupsk",
        "operator": "ZIM Słupsk",
        "public_transport": "platform",
        "ref": "3012",
        "shelter": "yes"
      },
      "geometry": {
        "type": "Point",
        "coordinates": [
          17.0389409,
          54.4739919
        ]
      },
      "id": "node/4115264189"
    },
    {
      "type": "Feature",
      "properties": {
        "@id": "node/4359020747",
        "bench": "yes",
        "bin": "yes",
        "bus": "yes",
        "departures_board": "realtime",
        "highway": "bus_stop",
        "lit": "yes",
        "name": "Os. Batorego 01",
        "network": "ZIM Słupsk",
        "operator": "ZIM Słupsk",
        "public_transport": "platform",
        "ref": "2091",
        "shelter": "yes",
        "tactile_paving": "yes"
      },
      "geometry": {
        "type": "Point",
        "coordinates": [
          17.0011534,
          54.479001
        ]
      },
      "id": "node/4359020747"
    },
    {
      "type": "Feature",
      "properties": {
        "@id": "node/4359020748",
        "bench": "yes",
        "bus": "yes",
        "departures_board": "realtime",
        "highway": "bus_stop",
        "lit": "no",
        "name": "Os. Batorego 02",
        "network": "ZIM Słupsk",
        "operator": "ZIM Słupsk",
        "public_transport": "platform",
        "ref": "2092",
        "shelter": "yes",
        "tactile_paving": "no"
      },
      "geometry": {
        "type": "Point",
        "coordinates": [
          17.0028049,
          54.4788787
        ]
      },
      "id": "node/4359020748"
    },
    {
      "type": "Feature",
      "properties": {
        "@id": "node/4494992039",
        "bench": "yes",
        "bin": "yes",
        "bus": "yes",
        "departures_board": "realtime",
        "highway": "bus_stop",
        "lit": "no",
        "name": "3 Maja - Emcek 02",
        "network": "ZIM Słupsk",
        "operator": "ZIM Słupsk",
        "public_transport": "platform",
        "ref": "2052",
        "shelter": "yes",
        "tactile_paving": "no"
      },
      "geometry": {
        "type": "Point",
        "coordinates": [
          17.007619,
          54.4738681
        ]
      },
      "id": "node/4494992039"
    },
    {
      "type": "Feature",
      "properties": {
        "@id": "node/4494992040",
        "bench": "yes",
        "bin": "yes",
        "bus": "yes",
        "departures_board": "realtime",
        "highway": "bus_stop",
        "lit": "yes",
        "name": "3 Maja - Emcek 01",
        "network": "ZIM Słupsk",
        "operator": "ZIM Słupsk",
        "public_transport": "platform",
        "ref": "2051",
        "shelter": "yes",
        "tactile_paving": "yes"
      },
      "geometry": {
        "type": "Point",
        "coordinates": [
          17.007653,
          54.4737254
        ]
      },
      "id": "node/4494992040"
    },
    {
      "type": "Feature",
      "properties": {
        "@id": "node/4710616184",
        "bench": "yes",
        "bin": "yes",
        "bus": "yes",
        "departures_board": "timetable",
        "highway": "bus_stop",
        "name": "Klonowa 02",
        "network": "ZIM Słupsk",
        "operator": "ZIM Słupsk",
        "public_transport": "platform",
        "ref": "4022",
        "shelter": "yes"
      },
      "geometry": {
        "type": "Point",
        "coordinates": [
          17.0560221,
          54.4677281
        ]
      },
      "id": "node/4710616184"
    },
    {
      "type": "Feature",
      "properties": {
        "@id": "node/5642583724",
        "bench": "yes",
        "bus": "yes",
        "departures_board": "timetable",
        "highway": "bus_stop",
        "lit": "no",
        "name": "Wiatraczna 02",
        "network": "ZIM Słupsk",
        "operator": "ZIM Słupsk",
        "public_transport": "platform",
        "ref": "2122",
        "shelter": "yes",
        "tactile_paving": "no"
      },
      "geometry": {
        "type": "Point",
        "coordinates": [
          17.0071488,
          54.4768499
        ]
      },
      "id": "node/5642583724"
    },
    {
      "type": "Feature",
      "properties": {
        "@id": "node/5642583725",
        "bench": "no",
        "bin": "no",
        "bus": "yes",
        "departures_board": "timetable",
        "highway": "bus_stop",
        "lit": "no",
        "name": "Wiatraczna 01",
        "network": "ZIM Słupsk",
        "operator": "ZIM Słupsk",
        "public_transport": "platform",
        "ref": "2121",
        "shelter": "no",
        "tactile_paving": "no"
      },
      "geometry": {
        "type": "Point",
        "coordinates": [
          17.0068947,
          54.4757683
        ]
      },
      "id": "node/5642583725"
    },
    {
      "type": "Feature",
      "properties": {
        "@id": "node/5642583726",
        "bench": "no",
        "bus": "yes",
        "departures_board": "timetable",
        "highway": "bus_stop",
        "lit": "yes",
        "name": "Prokuratura 01",
        "network": "ZIM Słupsk",
        "operator": "ZIM Słupsk",
        "public_transport": "platform",
        "ref": "2111",
        "shelter": "no",
        "tactile_paving": "no"
      },
      "geometry": {
        "type": "Point",
        "coordinates": [
          17.0065046,
          54.4783787
        ]
      },
      "id": "node/5642583726"
    },
    {
      "type": "Feature",
      "properties": {
        "@id": "node/6171749040",
        "bench": "yes",
        "bus": "yes",
        "departures_board": "timetable",
        "highway": "bus_stop",
        "name": "Os. Niepodległości 03",
        "network": "ZIM Słupsk",
        "operator": "ZIM Słupsk",
        "public_transport": "platform",
        "ref": "1053",
        "shelter": "no",
        "tactile_paving": "yes"
      },
      "geometry": {
        "type": "Point",
        "coordinates": [
          16.9897293,
          54.462258
        ]
      },
      "id": "node/6171749040"
    },
    {
      "type": "Feature",
      "properties": {
        "@id": "node/6171749041",
        "bench": "yes",
        "bin": "yes",
        "bus": "yes",
        "departures_board": "realtime",
        "highway": "bus_stop",
        "lit": "yes",
        "name": "Os. Niepodległości 01",
        "network": "ZIM Słupsk",
        "operator": "ZIM Słupsk",
        "public_transport": "platform",
        "ref": "1051",
        "shelter": "yes",
        "tactile_paving": "yes"
      },
      "geometry": {
        "type": "Point",
        "coordinates": [
          16.9900787,
          54.4610034
        ]
      },
      "id": "node/6171749041"
    },
    {
      "type": "Feature",
      "properties": {
        "@id": "node/6171749042",
        "bench": "yes",
        "bin": "yes",
        "bus": "yes",
        "departures_board": "timetable",
        "highway": "bus_stop",
        "lit": "yes",
        "name": "Os. Niepodległości 02",
        "network": "ZIM Słupsk",
        "operator": "ZIM Słupsk",
        "public_transport": "platform",
        "ref": "1052",
        "shelter": "yes",
        "tactile_paving": "yes"
      },
      "geometry": {
        "type": "Point",
        "coordinates": [
          16.9882954,
          54.4609974
        ]
      },
      "id": "node/6171749042"
    },
    {
      "type": "Feature",
      "properties": {
        "@id": "node/6171749043",
        "bench": "yes",
        "bin": "yes",
        "bus": "yes",
        "departures_board": "realtime",
        "highway": "bus_stop",
        "lit": "yes",
        "name": "11 Listopada 01",
        "network": "ZIM Słupsk",
        "operator": "ZIM Słupsk",
        "public_transport": "platform",
        "ref": "1021",
        "shelter": "yes",
        "wheelchair": "yes"
      },
      "geometry": {
        "type": "Point",
        "coordinates": [
          16.9891224,
          54.4652743
        ]
      },
      "id": "node/6171749043"
    },
    {
      "type": "Feature",
      "properties": {
        "@id": "node/6171749044",
        "bench": "yes",
        "bin": "yes",
        "bus": "yes",
        "departures_board": "realtime",
        "highway": "bus_stop",
        "lit": "yes",
        "name": "11 Listopada 02",
        "network": "ZIM Słupsk",
        "operator": "ZIM Słupsk",
        "public_transport": "platform",
        "ref": "1022",
        "shelter": "no"
      },
      "geometry": {
        "type": "Point",
        "coordinates": [
          16.9891859,
          54.4653292
        ]
      },
      "id": "node/6171749044"
    },
    {
      "type": "Feature",
      "properties": {
        "@id": "node/6171749045",
        "bus": "yes",
        "departures_board": "timetable",
        "highway": "bus_stop",
        "lit": "no",
        "name": "Piłsudskiego - kościół N/Ż 02",
        "network": "ZIM Słupsk",
        "operator": "ZIM Słupsk",
        "public_transport": "platform",
        "ref": "2362",
        "shelter": "no",
        "tactile_paving": "yes"
      },
      "geometry": {
        "type": "Point",
        "coordinates": [
          16.9936103,
          54.4666202
        ]
      },
      "id": "node/6171749045"
    },
    {
      "type": "Feature",
      "properties": {
        "@id": "node/6171749046",
        "bench": "no",
        "bin": "yes",
        "bus": "yes",
        "departures_board": "timetable",
        "highway": "bus_stop",
        "name": "Piłsudskiego - kościół N/Ż 01",
        "network": "ZIM Słupsk",
        "operator": "ZIM Słupsk",
        "public_transport": "platform",
        "ref": "2361",
        "shelter": "no",
        "tactile_paving": "yes"
      },
      "geometry": {
        "type": "Point",
        "coordinates": [
          16.9960102,
          54.4674499
        ]
      },
      "id": "node/6171749046"
    },
    {
      "type": "Feature",
      "properties": {
        "@id": "node/6171749047",
        "bench": "yes",
        "bus": "yes",
        "departures_board": "timetable",
        "highway": "bus_stop",
        "name": "Pileckiego N/Ż 02",
        "network": "ZIM Słupsk",
        "operator": "ZIM Słupsk",
        "public_transport": "platform",
        "ref": "2352",
        "shelter": "no",
        "tactile_paving": "yes"
      },
      "geometry": {
        "type": "Point",
        "coordinates": [
          16.9952653,
          54.4700283
        ]
      },
      "id": "node/6171749047"
    },
    {
      "type": "Feature",
      "properties": {
        "@id": "node/6171749048",
        "bench": "yes",
        "bus": "yes",
        "departures_board": "timetable",
        "highway": "bus_stop",
        "name": "Pileckiego N/Ż 01",
        "network": "ZIM Słupsk",
        "operator": "ZIM Słupsk",
        "public_transport": "platform",
        "ref": "2351",
        "shelter": "no",
        "tactile_paving": "yes"
      },
      "geometry": {
        "type": "Point",
        "coordinates": [
          16.996307,
          54.4715731
        ]
      },
      "id": "node/6171749048"
    },
    {
      "type": "Feature",
      "properties": {
        "@id": "node/6171749049",
        "bench": "no",
        "bus": "yes",
        "departures_board": "timetable",
        "highway": "bus_stop",
        "lit": "no",
        "name": "3 Maja - Rejtana N/Ż 03",
        "network": "ZIM Słupsk",
        "operator": "ZIM Słupsk",
        "public_transport": "platform",
        "ref": "2043",
        "shelter": "yes",
        "tactile_paving": "yes"
      },
      "geometry": {
        "type": "Point",
        "coordinates": [
          16.9967942,
          54.4740201
        ]
      },
      "id": "node/6171749049"
    },
    {
      "type": "Feature",
      "properties": {
        "@id": "node/6171749050",
        "bench": "yes",
        "bus": "yes",
        "departures_board": "timetable",
        "highway": "bus_stop",
        "lit": "no",
        "name": "3 Maja - Rejtana N/Ż 02",
        "network": "ZIM Słupsk",
        "operator": "ZIM Słupsk",
        "public_transport": "platform",
        "ref": "2042",
        "shelter": "yes",
        "tactile_paving": "yes"
      },
      "geometry": {
        "type": "Point",
        "coordinates": [
          16.9999279,
          54.4743977
        ]
      },
      "id": "node/6171749050"
    },
    {
      "type": "Feature",
      "properties": {
        "@id": "node/6171749051",
        "bench": "yes",
        "bus": "yes",
        "departures_board": "timetable",
        "highway": "bus_stop",
        "lit": "no",
        "name": "3 Maja - Rejtana N/Ż 01",
        "network": "ZIM Słupsk",
        "operator": "ZIM Słupsk",
        "public_transport": "platform",
        "ref": "2041",
        "shelter": "no",
        "tactile_paving": "yes"
      },
      "geometry": {
        "type": "Point",
        "coordinates": [
          16.9991325,
          54.4745948
        ]
      },
      "id": "node/6171749051"
    },
    {
      "type": "Feature",
      "properties": {
        "@id": "node/6171749052",
        "bench": "yes",
        "bus": "yes",
        "departures_board": "timetable",
        "highway": "bus_stop",
        "lit": "no",
        "name": "Rejtana N/Ż 01",
        "network": "ZIM Słupsk",
        "operator": "ZIM Słupsk",
        "public_transport": "platform",
        "ref": "2241",
        "shelter": "yes",
        "tactile_paving": "yes"
      },
      "geometry": {
        "type": "Point",
        "coordinates": [
          16.9978116,
          54.47565
        ]
      },
      "id": "node/6171749052"
    },
    {
      "type": "Feature",
      "properties": {
        "@id": "node/6171749053",
        "bench": "yes",
        "bus": "yes",
        "departures_board": "timetable",
        "highway": "bus_stop",
        "name": "Rejtana N/Ż 02",
        "network": "ZIM Słupsk",
        "operator": "ZIM Słupsk",
        "public_transport": "platform",
        "ref": "2242",
        "shelter": "yes",
        "tactile_paving": "yes"
      },
      "geometry": {
        "type": "Point",
        "coordinates": [
          16.9984797,
          54.4784934
        ]
      },
      "id": "node/6171749053"
    },
    {
      "type": "Feature",
      "properties": {
        "@id": "node/6173447962",
        "bench": "yes",
        "bin": "yes",
        "bus": "yes",
        "departures_board": "realtime",
        "highway": "bus_stop",
        "lit": "yes",
        "name": "Urząd Skarbowy 01",
        "network": "ZIM Słupsk",
        "operator": "ZIM Słupsk",
        "passenger_information_display": "yes",
        "public_transport": "platform",
        "ref": "1031",
        "shelter": "yes"
      },
      "geometry": {
        "type": "Point",
        "coordinates": [
          16.9924771,
          54.4588223
        ]
      },
      "id": "node/6173447962"
    },
    {
      "type": "Feature",
      "properties": {
        "@id": "node/6173447963",
        "bench": "yes",
        "bus": "yes",
        "departures_board": "timetable",
        "highway": "bus_stop",
        "name": "Urząd Skarbowy N/Ż 02",
        "network": "ZIM Słupsk",
        "operator": "ZIM Słupsk",
        "public_transport": "platform",
        "ref": "1032",
        "shelter": "no",
        "tactile_paving": "yes"
      },
      "geometry": {
        "type": "Point",
        "coordinates": [
          16.9945985,
          54.4566064
        ]
      },
      "id": "node/6173447963"
    },
    {
      "type": "Feature",
      "properties": {
        "@id": "node/6173447964",
        "bench": "yes",
        "bin": "yes",
        "bus": "yes",
        "departures_board": "yes",
        "highway": "bus_stop",
        "lit": "yes",
        "name": "Koszalińska - Braci Gierymskich 01",
        "network": "ZIM Słupsk",
        "operator": "ZIM Słupsk",
        "public_transport": "platform",
        "ref": "1111",
        "shelter": "yes"
      },
      "geometry": {
        "type": "Point",
        "coordinates": [
          16.9998815,
          54.456586
        ]
      },
      "id": "node/6173447964"
    },
    {
      "type": "Feature",
      "properties": {
        "@id": "node/6173447965",
        "bench": "yes",
        "bin": "yes",
        "bus": "yes",
        "departures_board": "yes",
        "highway": "bus_stop",
        "name": "Koszalińska - Braci Gierymskich 02",
        "network": "ZIM Słupsk",
        "operator": "ZIM Słupsk",
        "public_transport": "platform",
        "ref": "1112",
        "shelter": "yes"
      },
      "geometry": {
        "type": "Point",
        "coordinates": [
          16.998351,
          54.456953
        ]
      },
      "id": "node/6173447965"
    },
    {
      "type": "Feature",
      "properties": {
        "@id": "node/6173447966",
        "bench": "yes",
        "bin": "yes",
        "bus": "yes",
        "departures_board": "timetable",
        "highway": "bus_stop",
        "name": "Koszalińska - Grottgera N/Ż 01",
        "network": "ZIM Słupsk",
        "operator": "ZIM Słupsk",
        "public_transport": "platform",
        "ref": "1121",
        "shelter": "no"
      },
      "geometry": {
        "type": "Point",
        "coordinates": [
          17.0047925,
          54.4558218
        ]
      },
      "id": "node/6173447966"
    },
    {
      "type": "Feature",
      "properties": {
        "@id": "node/6173447967",
        "bench": "yes",
        "bin": "yes",
        "bus": "yes",
        "departures_board": "realtime",
        "highway": "bus_stop",
        "lit": "yes",
        "name": "Koszalińska - Grottgera N/Ż 02",
        "network": "ZIM Słupsk",
        "operator": "ZIM Słupsk",
        "public_transport": "platform",
        "ref": "1122",
        "shelter": "yes"
      },
      "geometry": {
        "type": "Point",
        "coordinates": [
          17.0057317,
          54.4559383
        ]
      },
      "id": "node/6173447967"
    },
    {
      "type": "Feature",
      "properties": {
        "@id": "node/6173447968",
        "bench": "yes",
        "bin": "yes",
        "bus": "yes",
        "departures_board": "timetable",
        "highway": "bus_stop",
        "name": "Witkacego N/Ż 01",
        "network": "ZIM Słupsk",
        "operator": "ZIM Słupsk",
        "public_transport": "platform",
        "ref": "1181",
        "shelter": "no"
      },
      "geometry": {
        "type": "Point",
        "coordinates": [
          17.0080321,
          54.4553183
        ]
      },
      "id": "node/6173447968"
    },
    {
      "type": "Feature",
      "properties": {
        "@id": "node/6173447969",
        "bench": "yes",
        "bin": "yes",
        "bus": "yes",
        "departures_board": "realtime",
        "highway": "bus_stop",
        "lit": "yes",
        "name": "Przemysłowa 01",
        "network": "ZIM Słupsk",
        "operator": "ZIM Słupsk",
        "passenger_information_display": "yes",
        "public_transport": "platform",
        "ref": "6181",
        "shelter": "yes",
        "tactile_paving": "yes"
      },
      "geometry": {
        "type": "Point",
        "coordinates": [
          17.01449,
          54.4542758
        ]
      },
      "id": "node/6173447969"
    },
    {
      "type": "Feature",
      "properties": {
        "@id": "node/6173447970",
        "bench": "yes",
        "bus": "yes",
        "departures_board": "realtime",
        "highway": "bus_stop",
        "lit": "yes",
        "name": "Przemysłowa 02",
        "network": "ZIM Słupsk",
        "operator": "ZIM Słupsk",
        "public_transport": "platform",
        "ref": "6182",
        "shelter": "no",
        "tactile_paving": "yes"
      },
      "geometry": {
        "type": "Point",
        "coordinates": [
          17.0140034,
          54.4542055
        ]
      },
      "id": "node/6173447970"
    },
    {
      "type": "Feature",
      "properties": {
        "@id": "node/6173447971",
        "bench": "yes",
        "bus": "yes",
        "departures_board": "realtime",
        "highway": "bus_stop",
        "name": "Grodzka 01",
        "network": "ZIM Słupsk",
        "operator": "ZIM Słupsk",
        "public_transport": "platform",
        "ref": "6041",
        "shelter": "yes",
        "tactile_paving": "no"
      },
      "geometry": {
        "type": "Point",
        "coordinates": [
          17.0312004,
          54.4674951
        ]
      },
      "id": "node/6173447971"
    },
    {
      "type": "Feature",
      "properties": {
        "@id": "node/6173447972",
        "bench": "yes",
        "bin": "yes",
        "bus": "yes",
        "departures_board": "realtime",
        "highway": "bus_stop",
        "lit": "yes",
        "name": "Grodzka 02",
        "network": "ZIM Słupsk",
        "operator": "ZIM Słupsk",
        "public_transport": "platform",
        "ref": "6042",
        "shelter": "yes"
      },
      "geometry": {
        "type": "Point",
        "coordinates": [
          17.0308661,
          54.4683421
        ]
      },
      "id": "node/6173447972"
    },
    {
      "type": "Feature",
      "properties": {
        "@id": "node/6173447973",
        "bus": "yes",
        "departures_board": "realtime",
        "highway": "bus_stop",
        "name": "Armii Krajowej 02",
        "network": "ZIM Słupsk",
        "operator": "ZIM Słupsk",
        "public_transport": "platform",
        "ref": "6052",
        "shelter": "yes"
      },
      "geometry": {
        "type": "Point",
        "coordinates": [
          17.0370409,
          54.4675974
        ]
      },
      "id": "node/6173447973"
    },
    {
      "type": "Feature",
      "properties": {
        "@id": "node/6173447974",
        "bus": "yes",
        "highway": "bus_stop",
        "name": "Armii Krajowej 01",
        "network": "ZIM Słupsk",
        "operator": "ZIM Słupsk",
        "public_transport": "platform",
        "ref": "6051",
        "shelter": "no"
      },
      "geometry": {
        "type": "Point",
        "coordinates": [
          17.0375229,
          54.4675732
        ]
      },
      "id": "node/6173447974"
    },
    {
      "type": "Feature",
      "properties": {
        "@id": "node/6173447975",
        "bus": "yes",
        "highway": "bus_stop",
        "name": "Pobożnego 01",
        "network": "ZIM Słupsk",
        "operator": "ZIM Słupsk",
        "public_transport": "platform",
        "ref": "6071",
        "shelter": "no"
      },
      "geometry": {
        "type": "Point",
        "coordinates": [
          17.0385758,
          54.4657357
        ]
      },
      "id": "node/6173447975"
    },
    {
      "type": "Feature",
      "properties": {
        "@id": "node/6173447976",
        "bus": "yes",
        "highway": "bus_stop",
        "name": "Pobożnego 02",
        "network": "ZIM Słupsk",
        "operator": "ZIM Słupsk",
        "public_transport": "platform",
        "ref": "6072",
        "shelter": "no"
      },
      "geometry": {
        "type": "Point",
        "coordinates": [
          17.0388024,
          54.4660249
        ]
      },
      "id": "node/6173447976"
    },
    {
      "type": "Feature",
      "properties": {
        "@id": "node/6173447977",
        "bench": "yes",
        "bin": "yes",
        "bus": "yes",
        "departures_board": "realtime",
        "highway": "bus_stop",
        "lit": "yes",
        "name": "Wiejska 01",
        "network": "ZIM Słupsk",
        "operator": "ZIM Słupsk",
        "public_transport": "platform",
        "ref": "6081",
        "shelter": "yes",
        "tactile_paving": "yes"
      },
      "geometry": {
        "type": "Point",
        "coordinates": [
          17.041374,
          54.4639121
        ]
      },
      "id": "node/6173447977"
    },
    {
      "type": "Feature",
      "properties": {
        "@id": "node/6173447978",
        "bench": "yes",
        "bin": "yes",
        "bus": "yes",
        "departures_board": "realtime",
        "highway": "bus_stop",
        "name": "Wiejska 02",
        "network": "ZIM Słupsk",
        "operator": "ZIM Słupsk",
        "public_transport": "platform",
        "ref": "6082",
        "shelter": "yes"
      },
      "geometry": {
        "type": "Point",
        "coordinates": [
          17.0417458,
          54.4638165
        ]
      },
      "id": "node/6173447978"
    },
    {
      "type": "Feature",
      "properties": {
        "@id": "node/6173447979",
        "bench": "yes",
        "bin": "yes",
        "bus": "yes",
        "departures_board": "realtime",
        "highway": "bus_stop",
        "name": "Kniaziewicza 02",
        "network": "ZIM Słupsk",
        "operator": "ZIM Słupsk",
        "public_transport": "platform",
        "ref": "5012",
        "shelter": "yes"
      },
      "geometry": {
        "type": "Point",
        "coordinates": [
          17.0441564,
          54.4616708
        ]
      },
      "id": "node/6173447979"
    },
    {
      "type": "Feature",
      "properties": {
        "@id": "node/6173447980",
        "bench": "yes",
        "bin": "no",
        "bus": "yes",
        "departures_board": "timetable",
        "highway": "bus_stop",
        "name": "Kniaziewicza 01",
        "network": "ZIM Słupsk",
        "operator": "ZIM Słupsk",
        "public_transport": "platform",
        "ref": "5011",
        "shelter": "no"
      },
      "geometry": {
        "type": "Point",
        "coordinates": [
          17.0461605,
          54.4611835
        ]
      },
      "id": "node/6173447980"
    },
    {
      "type": "Feature",
      "properties": {
        "@id": "node/6173447981",
        "bus": "yes",
        "departures_board": "timetable",
        "highway": "bus_stop",
        "name": "Uniwersytet 01",
        "network": "ZIM Słupsk",
        "operator": "ZIM Słupsk",
        "public_transport": "platform",
        "ref": "5021",
        "shelter": "no"
      },
      "geometry": {
        "type": "Point",
        "coordinates": [
          17.0510877,
          54.4604222
        ]
      },
      "id": "node/6173447981"
    },
    {
      "type": "Feature",
      "properties": {
        "@id": "node/6173447982",
        "bench": "yes",
        "bus": "yes",
        "departures_board": "timetable",
        "highway": "bus_stop",
        "name": "Uniwersytet 02",
        "network": "ZIM Słupsk",
        "operator": "ZIM Słupsk",
        "public_transport": "platform",
        "ref": "5022",
        "shelter": "yes",
        "tactile_paving": "no"
      },
      "geometry": {
        "type": "Point",
        "coordinates": [
          17.0503129,
          54.4606859
        ]
      },
      "id": "node/6173447982"
    },
    {
      "type": "Feature",
      "properties": {
        "@id": "node/6173447983",
        "bench": "yes",
        "bin": "yes",
        "bus": "yes",
        "departures_board": "timetable",
        "highway": "bus_stop",
        "name": "Jednostka Wojskowa 02",
        "network": "ZIM Słupsk",
        "operator": "ZIM Słupsk",
        "public_transport": "platform",
        "ref": "5032",
        "shelter": "yes"
      },
      "geometry": {
        "type": "Point",
        "coordinates": [
          17.0550807,
          54.4603964
        ]
      },
      "id": "node/6173447983"
    },
    {
      "type": "Feature",
      "properties": {
        "@id": "node/6173447984",
        "bench": "yes",
        "bin": "yes",
        "bus": "yes",
        "departures_board": "timetable",
        "highway": "bus_stop",
        "name": "Jednostka Wojskowa 01",
        "network": "ZIM Słupsk`",
        "operator": "ZIM Słupsk",
        "public_transport": "platform",
        "ref": "5031",
        "shelter": "yes"
      },
      "geometry": {
        "type": "Point",
        "coordinates": [
          17.0563733,
          54.4602018
        ]
      },
      "id": "node/6173447984"
    },
    {
      "type": "Feature",
      "properties": {
        "@id": "node/6173448185",
        "bus": "yes",
        "highway": "bus_stop",
        "name": "Szafranka 01",
        "network": "ZIM Słupsk",
        "operator": "ZIM Słupsk",
        "public_transport": "platform",
        "ref": "5221"
      },
      "geometry": {
        "type": "Point",
        "coordinates": [
          17.0652442,
          54.4556088
        ]
      },
      "id": "node/6173448185"
    },
    {
      "type": "Feature",
      "properties": {
        "@id": "node/6173448186",
        "bench": "no",
        "bin": "no",
        "bus": "yes",
        "departures_board": "timetable",
        "highway": "bus_stop",
        "name": "Szpital 03",
        "network": "ZIM Słupsk",
        "operator": "ZIM Słupsk",
        "public_transport": "platform",
        "ref": "5203",
        "shelter": "no"
      },
      "geometry": {
        "type": "Point",
        "coordinates": [
          17.0599157,
          54.4512405
        ]
      },
      "id": "node/6173448186"
    },
    {
      "type": "Feature",
      "properties": {
        "@id": "node/6173751362",
        "bench": "no",
        "bin": "no",
        "bus": "yes",
        "departures_board": "timetable",
        "highway": "bus_stop",
        "lit": "yes",
        "name": "Banacha - SOK N/Ż 02",
        "network": "ZIM Słupsk",
        "operator": "ZIM Słupsk",
        "public_transport": "platform",
        "ref": "2252",
        "shelter": "no",
        "tactile_paving": "no"
      },
      "geometry": {
        "type": "Point",
        "coordinates": [
          17.0030679,
          54.4699125
        ]
      },
      "id": "node/6173751362"
    },
    {
      "type": "Feature",
      "properties": {
        "@id": "node/6173751363",
        "bench": "no",
        "bin": "no",
        "bus": "yes",
        "departures_board": "timetable",
        "highway": "bus_stop",
        "name": "Banacha - SOK N/Ż 01",
        "network": "ZIM Słupsk",
        "operator": "ZIM Słupsk",
        "public_transport": "platform",
        "ref": "2251",
        "shelter": "no"
      },
      "geometry": {
        "type": "Point",
        "coordinates": [
          17.0013767,
          54.4700629
        ]
      },
      "id": "node/6173751363"
    },
    {
      "type": "Feature",
      "properties": {
        "@id": "node/6173751364",
        "bench": "no",
        "bin": "yes",
        "bus": "yes",
        "departures_board": "timetable",
        "highway": "bus_stop",
        "lit": "no",
        "name": "Chrobrego 02",
        "network": "ZIM Słupsk",
        "operator": "ZIM Słupsk",
        "public_transport": "platform",
        "ref": "2202",
        "shelter": "no"
      },
      "geometry": {
        "type": "Point",
        "coordinates": [
          16.9990084,
          54.4692853
        ]
      },
      "id": "node/6173751364"
    },
    {
      "type": "Feature",
      "properties": {
        "@id": "node/6173751365",
        "bench": "yes",
        "bin": "yes",
        "bus": "yes",
        "departures_board": "timetable",
        "highway": "bus_stop",
        "lit": "no",
        "name": "Chrobrego 01",
        "network": "ZIM Słupsk",
        "operator": "ZIM Słupsk",
        "public_transport": "platform",
        "ref": "2201",
        "shelter": "yes"
      },
      "geometry": {
        "type": "Point",
        "coordinates": [
          16.9988293,
          54.4684605
        ]
      },
      "id": "node/6173751365"
    },
    {
      "type": "Feature",
      "properties": {
        "@id": "node/6173751366",
        "bench": "yes",
        "bin": "yes",
        "bus": "yes",
        "departures_board": "timetable",
        "highway": "bus_stop",
        "lit": "yes",
        "name": "Zygmunta Augusta - Chrobrego N/Ż 01",
        "network": "ZIM Słupsk",
        "operator": "ZIM Słupsk",
        "public_transport": "platform",
        "ref": "2191",
        "shelter": "yes",
        "tactile_paving": "yes"
      },
      "geometry": {
        "type": "Point",
        "coordinates": [
          17.0007803,
          54.4676106
        ]
      },
      "id": "node/6173751366"
    },
    {
      "type": "Feature",
      "properties": {
        "@id": "node/6173751367",
        "bench": "yes",
        "bin": "yes",
        "bus": "yes",
        "departures_board": "timetable",
        "highway": "bus_stop",
        "lit": "yes",
        "name": "Zygmunta Augusta 01",
        "network": "ZIM Słupsk",
        "operator": "ZIM Słupsk",
        "public_transport": "platform",
        "ref": "2181",
        "shelter": "yes"
      },
      "geometry": {
        "type": "Point",
        "coordinates": [
          17.0086861,
          54.4658672
        ]
      },
      "id": "node/6173751367"
    },
    {
      "type": "Feature",
      "properties": {
        "@id": "node/6173751368",
        "bench": "yes",
        "bin": "yes",
        "bus": "yes",
        "departures_board": "timetable",
        "highway": "bus_stop",
        "lit": "yes",
        "name": "Zygmunta Augusta 02",
        "network": "ZIM Słupsk",
        "operator": "ZIM Słupsk",
        "public_transport": "platform",
        "ref": "2182",
        "shelter": "yes"
      },
      "geometry": {
        "type": "Point",
        "coordinates": [
          17.0068789,
          54.4660454
        ]
      },
      "id": "node/6173751368"
    },
    {
      "type": "Feature",
      "properties": {
        "@id": "node/6173751369",
        "bench": "yes",
        "bin": "yes",
        "bus": "yes",
        "departures_board": "timetable",
        "highway": "bus_stop",
        "lit": "yes",
        "name": "Sobieskiego - Ekonomik 02",
        "network": "ZIM Słupsk",
        "operator": "ZIM Słupsk",
        "public_transport": "platform",
        "ref": "2172",
        "shelter": "yes",
        "tactile_paving": "no"
      },
      "geometry": {
        "type": "Point",
        "coordinates": [
          17.0111108,
          54.4649873
        ]
      },
      "id": "node/6173751369"
    },
    {
      "type": "Feature",
      "properties": {
        "@id": "node/6173751370",
        "bench": "yes",
        "bin": "yes",
        "bus": "yes",
        "departures_board": "realtime",
        "highway": "bus_stop",
        "lit": "no",
        "name": "Sobieskiego - Ekonomik 01",
        "network": "ZIM Słupsk",
        "operator": "ZIM Słupsk",
        "public_transport": "platform",
        "ref": "2171",
        "shelter": "yes",
        "tactile_paving": "no"
      },
      "geometry": {
        "type": "Point",
        "coordinates": [
          17.0118549,
          54.4660593
        ]
      },
      "id": "node/6173751370"
    },
    {
      "type": "Feature",
      "properties": {
        "@id": "node/6173751371",
        "bench": "yes",
        "bin": "yes",
        "bus": "yes",
        "check_date:tactile_paving": "2021-06-03",
        "departures_board": "realtime",
        "highway": "bus_stop",
        "lit": "no",
        "name": "Sobieskiego - Banacha 01",
        "network": "ZIM Słupsk",
        "operator": "ZIM Słupsk",
        "public_transport": "platform",
        "ref": "2151",
        "shelter": "yes",
        "tactile_paving": "no"
      },
      "geometry": {
        "type": "Point",
        "coordinates": [
          17.0118787,
          54.468193
        ]
      },
      "id": "node/6173751371"
    },
    {
      "type": "Feature",
      "properties": {
        "@id": "node/6173751372",
        "bench": "yes",
        "bus": "yes",
        "departures_board": "timetable",
        "highway": "bus_stop",
        "lit": "no",
        "name": "Sobieskiego - Banacha 02",
        "network": "ZIM Słupsk",
        "operator": "ZIM Słupsk",
        "public_transport": "platform",
        "ref": "2152",
        "shelter": "yes",
        "tactile_paving": "no"
      },
      "geometry": {
        "type": "Point",
        "coordinates": [
          17.0126221,
          54.4693379
        ]
      },
      "id": "node/6173751372"
    },
    {
      "type": "Feature",
      "properties": {
        "@id": "node/6173751373",
        "bench": "yes",
        "bus": "yes",
        "departures_board": "realtime",
        "highway": "bus_stop",
        "name": "Banacha 01",
        "network": "ZIM Słupsk",
        "operator": "ZIM Słupsk",
        "public_transport": "platform",
        "ref": "2141",
        "shelter": "yes"
      },
      "geometry": {
        "type": "Point",
        "coordinates": [
          17.0072493,
          54.4693872
        ]
      },
      "id": "node/6173751373"
    },
    {
      "type": "Feature",
      "properties": {
        "@id": "node/6173751374",
        "bench": "yes",
        "bus": "yes",
        "departures_board": "realtime",
        "highway": "bus_stop",
        "name": "Banacha 02",
        "network": "ZIM Słupsk",
        "operator": "ZIM Słupsk",
        "public_transport": "platform",
        "ref": "2142",
        "shelter": "yes"
      },
      "geometry": {
        "type": "Point",
        "coordinates": [
          17.0085442,
          54.4690757
        ]
      },
      "id": "node/6173751374"
    },
    {
      "type": "Feature",
      "properties": {
        "@id": "node/6173751375",
        "bench": "yes",
        "bin": "yes",
        "bus": "yes",
        "departures_board": "realtime",
        "highway": "bus_stop",
        "lit": "yes",
        "name": "Wazów 01",
        "network": "ZIM Słupsk",
        "operator": "ZIM Słupsk",
        "public_transport": "platform",
        "ref": "2131",
        "shelter": "yes",
        "tactile_paving": "yes"
      },
      "geometry": {
        "type": "Point",
        "coordinates": [
          17.0056188,
          54.4712107
        ]
      },
      "id": "node/6173751375"
    },
    {
      "type": "Feature",
      "properties": {
        "@id": "node/6173751376",
        "bench": "yes",
        "bin": "yes",
        "bus": "yes",
        "departures_board": "realtime",
        "highway": "bus_stop",
        "lit": "no",
        "name": "Wazów 02",
        "network": "ZIM Słupsk",
        "operator": "ZIM Słupsk",
        "public_transport": "platform",
        "ref": "2132",
        "shelter": "yes",
        "tactile_paving": "yes"
      },
      "geometry": {
        "type": "Point",
        "coordinates": [
          17.0055733,
          54.4716642
        ]
      },
      "id": "node/6173751376"
    },
    {
      "type": "Feature",
      "properties": {
        "@id": "node/6173751377",
        "bench": "yes",
        "bin": "yes",
        "bus": "yes",
        "departures_board": "timetable",
        "highway": "bus_stop",
        "lit": "no",
        "name": "3 Maja - Wazów N/Ż 02",
        "network": "ZIM Słupsk",
        "operator": "ZIM Słupsk",
        "public_transport": "platform",
        "ref": "2262",
        "shelter": "no",
        "tactile_paving": "no"
      },
      "geometry": {
        "type": "Point",
        "coordinates": [
          17.00521,
          54.4740443
        ]
      },
      "id": "node/6173751377"
    },
    {
      "type": "Feature",
      "properties": {
        "@id": "node/6173751378",
        "bench": "no",
        "bin": "no",
        "bus": "yes",
        "departures_board": "timetable",
        "highway": "bus_stop",
        "lit": "no",
        "name": "3 Maja - Wazów N/Ż 01",
        "network": "ZIM Słupsk",
        "operator": "ZIM Słupsk",
        "public_transport": "platform",
        "ref": "2261",
        "shelter": "no",
        "tactile_paving": "yes"
      },
      "geometry": {
        "type": "Point",
        "coordinates": [
          17.0050188,
          54.473928
        ]
      },
      "id": "node/6173751378"
    },
    {
      "type": "Feature",
      "properties": {
        "@id": "node/6173751379",
        "bench": "no",
        "bin": "yes",
        "bus": "yes",
        "departures_board": "timetable",
        "highway": "bus_stop",
        "lit": "no",
        "name": "Sobieskiego - 3 Maja 01",
        "operator": "ZIM Słupsk",
        "public_transport": "platform",
        "ref": "2161",
        "shelter": "no",
        "tactile_paving": "no"
      },
      "geometry": {
        "type": "Point",
        "coordinates": [
          17.0126178,
          54.4715227
        ]
      },
      "id": "node/6173751379"
    },
    {
      "type": "Feature",
      "properties": {
        "@id": "node/6173751380",
        "bench": "yes",
        "bin": "yes",
        "bus": "yes",
        "departures_board": "realtime",
        "highway": "bus_stop",
        "lit": "yes",
        "name": "3 Maja - Fabryczna 01",
        "network": "ZIM Słupsk",
        "operator": "ZIM Słupsk",
        "public_transport": "platform",
        "ref": "2061",
        "shelter": "yes",
        "tactile_paving": "yes"
      },
      "geometry": {
        "type": "Point",
        "coordinates": [
          17.0144964,
          54.4728941
        ]
      },
      "id": "node/6173751380"
    },
    {
      "type": "Feature",
      "properties": {
        "@id": "node/6173751381",
        "bench": "yes",
        "bus": "yes",
        "departures_board": "timetable",
        "highway": "bus_stop",
        "name": "3 Maja - Fabryczna 02",
        "network": "ZIM Słupsk",
        "operator": "ZIM Słupsk",
        "public_transport": "platform",
        "ref": "2062",
        "shelter": "yes"
      },
      "geometry": {
        "type": "Point",
        "coordinates": [
          17.0162259,
          54.4729156
        ]
      },
      "id": "node/6173751381"
    },
    {
      "type": "Feature",
      "properties": {
        "@id": "node/6173751382",
        "bench": "yes",
        "bin": "yes",
        "bus": "yes",
        "departures_board": "realtime",
        "highway": "bus_stop",
        "lit": "yes",
        "name": "Kołłątaja - Kaufland 01/02",
        "network": "ZIM Słupsk",
        "operator": "ZIM Słupsk",
        "public_transport": "platform",
        "ref": "6271/6272",
        "shelter": "yes",
        "tactile_paving": "yes"
      },
      "geometry": {
        "type": "Point",
        "coordinates": [
          17.0187432,
          54.4700891
        ]
      },
      "id": "node/6173751382"
    },
    {
      "type": "Feature",
      "properties": {
        "@id": "node/6173751383",
        "bench": "yes",
        "bin": "yes",
        "bus": "yes",
        "departures_board": "realtime",
        "highway": "bus_stop",
        "lit": "yes",
        "name": "Dworzec Kolejowy i Autobusowy 02",
        "network": "ZIM Słupsk",
        "operator": "ZIM Słupsk",
        "public_transport": "platform",
        "ref": "6012",
        "shelter": "yes",
        "tactile_paving": "yes"
      },
      "geometry": {
        "type": "Point",
        "coordinates": [
          17.0185013,
          54.4683116
        ]
      },
      "id": "node/6173751383"
    },
    {
      "type": "Feature",
      "properties": {
        "@id": "node/6173751384",
        "bench": "yes",
        "bin": "yes",
        "bus": "yes",
        "departures_board": "realtime",
        "highway": "bus_stop",
        "lit": "yes",
        "name": "Dworzec Kolejowy i Autobusowy 03",
        "network": "ZIM Słupsk",
        "operator": "ZIM Słupsk",
        "public_transport": "platform",
        "ref": "6013",
        "shelter": "yes",
        "tactile_paving": "no"
      },
      "geometry": {
        "type": "Point",
        "coordinates": [
          17.0178836,
          54.4666486
        ]
      },
      "id": "node/6173751384"
    },
    {
      "type": "Feature",
      "properties": {
        "@id": "node/6173754585",
        "bench": "no",
        "bin": "no",
        "bus": "yes",
        "departures_board": "timetable",
        "highway": "bus_stop",
        "name": "Wojska Polskiego 02",
        "network": "ZIM Słupsk",
        "operator": "ZIM Słupsk",
        "public_transport": "platform",
        "ref": "6022",
        "shelter": "no"
      },
      "geometry": {
        "type": "Point",
        "coordinates": [
          17.0208048,
          54.4673356
        ]
      },
      "id": "node/6173754585"
    },
    {
      "type": "Feature",
      "properties": {
        "@id": "node/6173754586",
        "bench": "yes",
        "bin": "yes",
        "bus": "yes",
        "departures_board": "realtime",
        "highway": "bus_stop",
        "name": "Wolności 01",
        "network": "ZIM Słupsk",
        "operator": "ZIM Słupsk",
        "public_transport": "platform",
        "ref": "6261",
        "shelter": "yes",
        "tactile_paving": "no"
      },
      "geometry": {
        "type": "Point",
        "coordinates": [
          17.0238772,
          54.4714018
        ]
      },
      "id": "node/6173754586"
    },
    {
      "type": "Feature",
      "properties": {
        "@id": "node/6173754587",
        "bench": "yes",
        "bin": "yes",
        "bus": "yes",
        "departures_board": "timetable",
        "highway": "bus_stop",
        "name": "Wolności 02",
        "network": "ZIM Słupsk",
        "operator": "ZIM Słupsk",
        "public_transport": "platform",
        "ref": "6262",
        "shelter": "yes"
      },
      "geometry": {
        "type": "Point",
        "coordinates": [
          17.0257317,
          54.4708749
        ]
      },
      "id": "node/6173754587"
    },
    {
      "type": "Feature",
      "properties": {
        "@id": "node/6173754588",
        "bench": "yes",
        "bus": "yes",
        "departures_board": "timetable",
        "highway": "bus_stop",
        "name": "Kopernika 02",
        "network": "ZIM Słupsk",
        "operator": "ZIM Słupsk",
        "public_transport": "platform",
        "ref": "6242",
        "shelter": "yes"
      },
      "geometry": {
        "type": "Point",
        "coordinates": [
          17.0276618,
          54.4714107
        ]
      },
      "id": "node/6173754588"
    },
    {
      "type": "Feature",
      "properties": {
        "@id": "node/6173754589",
        "bench": "yes",
        "bus": "yes",
        "departures_board": "timetable",
        "highway": "bus_stop",
        "name": "Kopernika 01",
        "network": "ZIM Słupsk",
        "operator": "ZIM Słupsk",
        "public_transport": "platform",
        "ref": "6241",
        "shelter": "yes"
      },
      "geometry": {
        "type": "Point",
        "coordinates": [
          17.0284062,
          54.4721717
        ]
      },
      "id": "node/6173754589"
    },
    {
      "type": "Feature",
      "properties": {
        "@id": "node/6173754590",
        "bench": "yes",
        "bus": "yes",
        "highway": "bus_stop",
        "name": "Małachowskiego 01",
        "network": "ZIM Słupsk",
        "operator": "ZIM Słupsk",
        "public_transport": "platform",
        "ref": "6231",
        "shelter": "yes",
        "tactile_paving": "no"
      },
      "geometry": {
        "type": "Point",
        "coordinates": [
          17.0239576,
          54.4752415
        ]
      },
      "id": "node/6173754590"
    },
    {
      "type": "Feature",
      "properties": {
        "@id": "node/6173754591",
        "bench": "yes",
        "bus": "yes",
        "departures_board": "timetable",
        "highway": "bus_stop",
        "name": "Poniatowskiego 01",
        "network": "ZIM Słupsk",
        "operator": "ZIM Słupsk",
        "public_transport": "platform",
        "ref": "6221",
        "shelter": "yes"
      },
      "geometry": {
        "type": "Point",
        "coordinates": [
          17.0212357,
          54.4758309
        ]
      },
      "id": "node/6173754591"
    },
    {
      "type": "Feature",
      "properties": {
        "@id": "node/6173754592",
        "bench": "yes",
        "bus": "yes",
        "departures_board": "timetable",
        "highway": "bus_stop",
        "name": "Poniatowskiego 02",
        "network": "ZIM Słupsk",
        "operator": "ZIM Słupsk",
        "public_transport": "platform",
        "ref": "6222",
        "shelter": "yes",
        "tactile_paving": "no"
      },
      "geometry": {
        "type": "Point",
        "coordinates": [
          17.0197177,
          54.4763567
        ]
      },
      "id": "node/6173754592"
    },
    {
      "type": "Feature",
      "properties": {
        "@id": "node/6173754593",
        "bench": "no",
        "bin": "yes",
        "bus": "yes",
        "departures_board": "timetable",
        "highway": "bus_stop",
        "lit": "no",
        "name": "Grunwaldzka N/Ż 01",
        "network": "ZIM Słupsk",
        "operator": "ZIM Słupsk",
        "public_transport": "platform",
        "ref": "2231",
        "shelter": "no",
        "tactile_paving": "no"
      },
      "geometry": {
        "type": "Point",
        "coordinates": [
          17.014629,
          54.478086
        ]
      },
      "id": "node/6173754593"
    },
    {
      "type": "Feature",
      "properties": {
        "@id": "node/6173754594",
        "bench": "no",
        "bus": "yes",
        "highway": "bus_stop",
        "name": "Grunwaldzka - Scania N/Ż 01",
        "network": "ZIM Słupsk",
        "operator": "ZIM Słupsk",
        "public_transport": "platform",
        "ref": "2221",
        "shelter": "no",
        "tactile_paving": "yes"
      },
      "geometry": {
        "type": "Point",
        "coordinates": [
          17.0098213,
          54.4801411
        ]
      },
      "id": "node/6173754594"
    },
    {
      "type": "Feature",
      "properties": {
        "@id": "node/6173754595",
        "bench": "no",
        "bus": "yes",
        "departures_board": "timetable",
        "highway": "bus_stop",
        "name": "Grunwaldzka - Scania N/Ż 02",
        "network": "ZIM Słupsk",
        "operator": "ZIM Słupsk",
        "public_transport": "platform",
        "ref": "2222",
        "shelter": "no",
        "tactile_paving": "yes"
      },
      "geometry": {
        "type": "Point",
        "coordinates": [
          17.011256,
          54.4798883
        ]
      },
      "id": "node/6173754595"
    },
    {
      "type": "Feature",
      "properties": {
        "@id": "node/6173754596",
        "bench": "yes",
        "bus": "yes",
        "departures_board": "timetable",
        "highway": "bus_stop",
        "lit": "yes",
        "name": "Prokuratura 02",
        "network": "ZIM Słupsk",
        "operator": "ZIM Słupsk",
        "public_transport": "platform",
        "ref": "2112",
        "shelter": "no",
        "tactile_paving": "no"
      },
      "geometry": {
        "type": "Point",
        "coordinates": [
          17.0080009,
          54.47866
        ]
      },
      "id": "node/6173754596"
    },
    {
      "type": "Feature",
      "properties": {
        "@id": "node/6173754597",
        "bench": "yes",
        "bin": "yes",
        "bus": "yes",
        "highway": "bus_stop",
        "lit": "no",
        "name": "3 Maja - Działkowiec N/Ż 02",
        "network": "ZIM Słupsk",
        "operator": "ZIM Słupsk",
        "public_transport": "platform",
        "ref": "2032",
        "shelter": "yes",
        "tactile_paving": "no"
      },
      "geometry": {
        "type": "Point",
        "coordinates": [
          16.9927444,
          54.4754422
        ]
      },
      "id": "node/6173754597"
    },
    {
      "type": "Feature",
      "properties": {
        "@id": "node/6173754598",
        "bench": "yes",
        "bin": "yes",
        "bus": "yes",
        "highway": "bus_stop",
        "lit": "no",
        "name": "3 Maja - Działkowiec N/Ż 01",
        "network": "ZIM Słupsk",
        "operator": "ZIM Słupsk",
        "public_transport": "platform",
        "ref": "2031",
        "shelter": "no",
        "tactile_paving": "yes"
      },
      "geometry": {
        "type": "Point",
        "coordinates": [
          16.9914675,
          54.4757215
        ]
      },
      "id": "node/6173754598"
    },
    {
      "type": "Feature",
      "properties": {
        "@id": "node/6173754599",
        "bench": "yes",
        "bin": "yes",
        "bus": "yes",
        "highway": "bus_stop",
        "lit": "no",
        "name": "3 Maja - Zachodnia 01",
        "network": "ZIM Słupsk",
        "operator": "ZIM Słupsk",
        "public_transport": "platform",
        "ref": "2021",
        "shelter": "no",
        "tactile_paving": "yes"
      },
      "geometry": {
        "type": "Point",
        "coordinates": [
          16.9846621,
          54.4767226
        ]
      },
      "id": "node/6173754599"
    },
    {
      "type": "Feature",
      "properties": {
        "@id": "node/6173754600",
        "bench": "yes",
        "bus": "yes",
        "highway": "bus_stop",
        "name": "Nowy Cmentarz 01",
        "network": "ZIM Słupsk",
        "operator": "ZIM Słupsk",
        "public_transport": "platform",
        "ref": "2071",
        "shelter": "yes",
        "tactile_paving": "no"
      },
      "geometry": {
        "type": "Point",
        "coordinates": [
          16.9829097,
          54.4818301
        ]
      },
      "id": "node/6173754600"
    },
    {
      "type": "Feature",
      "properties": {
        "@id": "node/6173754601",
        "bench": "no",
        "bus": "yes",
        "highway": "bus_stop",
        "name": "Zachodnia N/Ż 01",
        "network": "ZIM Słupsk",
        "operator": "ZIM Słupsk",
        "public_transport": "platform",
        "ref": "2081",
        "shelter": "no",
        "tactile_paving": "no"
      },
      "geometry": {
        "type": "Point",
        "coordinates": [
          16.9821561,
          54.4778639
        ]
      },
      "id": "node/6173754601"
    },
    {
      "type": "Feature",
      "properties": {
        "@id": "node/6175265763",
        "bench": "yes",
        "bin": "yes",
        "bus": "yes",
        "departures_board": "realtime",
        "highway": "bus_stop",
        "name": "Jana Pawła II 01",
        "network": "ZIM Słupsk",
        "operator": "ZIM Słupsk",
        "public_transport": "platform",
        "ref": "6101",
        "shelter": "yes"
      },
      "geometry": {
        "type": "Point",
        "coordinates": [
          17.0308067,
          54.4634001
        ]
      },
      "id": "node/6175265763"
    },
    {
      "type": "Feature",
      "properties": {
        "@id": "node/6175265764",
        "bench": "yes",
        "bin": "yes",
        "bus": "yes",
        "departures_board": "realtime",
        "highway": "bus_stop",
        "lit": "yes",
        "name": "Jagiełły 01",
        "network": "ZIM Słupsk",
        "operator": "ZIM Słupsk",
        "public_transport": "platform",
        "ref": "6091",
        "shelter": "yes"
      },
      "geometry": {
        "type": "Point",
        "coordinates": [
          17.030394,
          54.4644004
        ]
      },
      "id": "node/6175265764"
    },
    {
      "type": "Feature",
      "properties": {
        "@id": "node/6175265765",
        "bin": "yes",
        "bus": "yes",
        "departures_board": "timetable",
        "highway": "bus_stop",
        "name": "Zamek 01",
        "network": "ZIM Słupsk",
        "operator": "ZIM Słupsk",
        "public_transport": "platform",
        "ref": "6321",
        "shelter": "no"
      },
      "geometry": {
        "type": "Point",
        "coordinates": [
          17.0349792,
          54.463787
        ]
      },
      "id": "node/6175265765"
    },
    {
      "type": "Feature",
      "properties": {
        "@id": "node/6175265766",
        "bench": "no",
        "bin": "yes",
        "bus": "yes",
        "departures_board": "timetable",
        "highway": "bus_stop",
        "name": "Zamek 02",
        "network": "ZIM Słupsk",
        "operator": "ZIM Słupsk",
        "public_transport": "platform",
        "ref": "6322",
        "shelter": "no"
      },
      "geometry": {
        "type": "Point",
        "coordinates": [
          17.0355234,
          54.4644371
        ]
      },
      "id": "node/6175265766"
    },
    {
      "type": "Feature",
      "properties": {
        "@id": "node/6175265767",
        "bench": "yes",
        "bin": "yes",
        "bus": "yes",
        "departures_board": "realtime",
        "highway": "bus_stop",
        "name": "Moniuszki 01",
        "network": "ZIM Słupsk",
        "operator": "ZIM Słupsk",
        "public_transport": "platform",
        "ref": "6331",
        "shelter": "no"
      },
      "geometry": {
        "type": "Point",
        "coordinates": [
          17.0313585,
          54.4616686
        ]
      },
      "id": "node/6175265767"
    },
    {
      "type": "Feature",
      "properties": {
        "@id": "node/6175265768",
        "bench": "yes",
        "bin": "yes",
        "bus": "yes",
        "departures_board": "timetable",
        "highway": "bus_stop",
        "name": "Moniuszki 02",
        "network": "ZIM Słupsk",
        "operator": "ZIM Slupsk",
        "public_transport": "platform",
        "ref": "6332",
        "shelter": "yes"
      },
      "geometry": {
        "type": "Point",
        "coordinates": [
          17.0309347,
          54.4608012
        ]
      },
      "id": "node/6175265768"
    },
    {
      "type": "Feature",
      "properties": {
        "@id": "node/6175265769",
        "bench": "yes",
        "bin": "yes",
        "bus": "yes",
        "departures_board": "realtime",
        "highway": "bus_stop",
        "lit": "yes",
        "name": "Szczecińska - Dunikowskiego 01",
        "network": "ZIM Słupsk",
        "operator": "ZIM Słupsk",
        "public_transport": "platform",
        "ref": "1081",
        "shelter": "yes",
        "tactile_paving": "no"
      },
      "geometry": {
        "type": "Point",
        "coordinates": [
          16.9963893,
          54.4588144
        ]
      },
      "id": "node/6175265769"
    },
    {
      "type": "Feature",
      "properties": {
        "@id": "node/6175265770",
        "bench": "yes",
        "bin": "yes",
        "bus": "yes",
        "departures_board": "realtime",
        "highway": "bus_stop",
        "lit": "yes",
        "name": "Szczecińska - Braci Gierymskich 02",
        "network": "ZIM Słupsk",
        "operator": "ZIM Słupsk",
        "public_transport": "platform",
        "ref": "1092",
        "shelter": "yes"
      },
      "geometry": {
        "type": "Point",
        "coordinates": [
          17.0002788,
          54.4602817
        ]
      },
      "id": "node/6175265770"
    },
    {
      "type": "Feature",
      "properties": {
        "@id": "node/6175265771",
        "bench": "yes",
        "bus": "yes",
        "departures_board": "realtime",
        "highway": "bus_stop",
        "name": "Szczecińska - Braci Gierymskich 01",
        "network": "ZIM Słupsk",
        "operator": "ZIM Słupsk",
        "public_transport": "platform",
        "ref": "1091",
        "shelter": "yes"
      },
      "geometry": {
        "type": "Point",
        "coordinates": [
          17.0037455,
          54.461136
        ]
      },
      "id": "node/6175265771"
    },
    {
      "type": "Feature",
      "properties": {
        "@id": "node/6175265772",
        "bin": "yes",
        "bus": "yes",
        "departures_board": "timetable",
        "highway": "bus_stop",
        "name": "Hala Gryfia 02",
        "network": "ZIM Słupsk",
        "operator": "ZIM Słupsk",
        "public_transport": "platform",
        "ref": "1102",
        "shelter": "no"
      },
      "geometry": {
        "type": "Point",
        "coordinates": [
          17.0089102,
          54.4624595
        ]
      },
      "id": "node/6175265772"
    },
    {
      "type": "Feature",
      "properties": {
        "@id": "node/6175265773",
        "bench": "yes",
        "bin": "yes",
        "bus": "yes",
        "departures_board": "realtime",
        "highway": "bus_stop",
        "lit": "yes",
        "name": "Hala Gryfia 01",
        "network": "ZIM Słupsk",
        "operator": "ZIM Słupsk",
        "public_transport": "platform",
        "ref": "1101",
        "shelter": "yes",
        "tactile_paving": "yes"
      },
      "geometry": {
        "type": "Point",
        "coordinates": [
          17.0108738,
          54.4626003
        ]
      },
      "id": "node/6175265773"
    },
    {
      "type": "Feature",
      "properties": {
        "@id": "node/6175265774",
        "bench": "no",
        "bin": "yes",
        "bus": "yes",
        "departures_board": "timetable",
        "highway": "bus_stop",
        "lit": "no",
        "name": "Hala Gryfia 03",
        "network": "ZIM Słupsk",
        "operator": "ZIM Słupsk",
        "public_transport": "platform",
        "ref": "1103",
        "shelter": "no",
        "tactile_paving": "no"
      },
      "geometry": {
        "type": "Point",
        "coordinates": [
          17.0096932,
          54.4617334
        ]
      },
      "id": "node/6175265774"
    },
    {
      "type": "Feature",
      "properties": {
        "@id": "node/6175265775",
        "bench": "yes",
        "bin": "yes",
        "bus": "yes",
        "departures_board": "timetable",
        "highway": "bus_stop",
        "lit": "yes",
        "name": "Grottgera 01",
        "network": "ZIM Słupsk",
        "operator": "ZIM Słupsk",
        "public_transport": "platform",
        "ref": "1131",
        "shelter": "yes",
        "tactile_paving": "no"
      },
      "geometry": {
        "type": "Point",
        "coordinates": [
          17.0078978,
          54.457295
        ]
      },
      "id": "node/6175265775"
    },
    {
      "type": "Feature",
      "properties": {
        "@id": "node/6175265776",
        "bench": "yes",
        "bus": "yes",
        "departures_board": "timetable",
        "highway": "bus_stop",
        "lit": "no",
        "name": "Grottgera 02",
        "network": "ZIM Słupsk",
        "operator": "ZIM Słupsk",
        "public_transport": "platform",
        "ref": "1132",
        "shelter": "no",
        "tactile_paving": "no"
      },
      "geometry": {
        "type": "Point",
        "coordinates": [
          17.0078695,
          54.4576959
        ]
      },
      "id": "node/6175265776"
    },
    {
      "type": "Feature",
      "properties": {
        "@id": "node/6175265777",
        "bench": "yes",
        "bin": "yes",
        "bus": "yes",
        "departures_board": "timetable",
        "highway": "bus_stop",
        "lit": "yes",
        "name": "Norwida 01",
        "network": "ZIM Słupsk",
        "operator": "ZIM Słupsk",
        "public_transport": "platform",
        "ref": "1151",
        "shelter": "yes",
        "tactile_paving": "yes"
      },
      "geometry": {
        "type": "Point",
        "coordinates": [
          16.9943234,
          54.4651569
        ]
      },
      "id": "node/6175265777"
    },
    {
      "type": "Feature",
      "properties": {
        "@id": "node/6175265778",
        "bench": "yes",
        "bus": "yes",
        "departures_board": "timetable",
        "highway": "bus_stop",
        "name": "Piłsudskiego 02",
        "network": "ZIM Słupsk",
        "operator": "ZIM Słupsk",
        "public_transport": "platform",
        "ref": "1072",
        "shelter": "yes"
      },
      "geometry": {
        "type": "Point",
        "coordinates": [
          17.0058786,
          54.4644479
        ]
      },
      "id": "node/6175265778"
    },
    {
      "type": "Feature",
      "properties": {
        "@id": "node/6175265779",
        "bench": "yes",
        "bus": "yes",
        "departures_board": "timetable",
        "highway": "bus_stop",
        "name": "Piłsudskiego 01",
        "network": "ZIM Słupsk",
        "operator": "ZIM Słupsk",
        "public_transport": "platform",
        "ref": "1071",
        "shelter": "yes"
      },
      "geometry": {
        "type": "Point",
        "coordinates": [
          17.006768,
          54.4642172
        ]
      },
      "id": "node/6175265779"
    },
    {
      "type": "Feature",
      "properties": {
        "@id": "node/6175265780",
        "bench": "yes",
        "bus": "yes",
        "departures_board": "timetable",
        "highway": "bus_stop",
        "name": "Bałtycka 02",
        "network": "ZIM Słupsk",
        "operator": "ZIM Słupsk",
        "public_transport": "platform",
        "ref": "3082",
        "shelter": "no"
      },
      "geometry": {
        "type": "Point",
        "coordinates": [
          17.0272899,
          54.4745476
        ]
      },
      "id": "node/6175265780"
    },
    {
      "type": "Feature",
      "properties": {
        "@id": "node/6175265781",
        "bench": "yes",
        "bus": "yes",
        "highway": "bus_stop",
        "name": "Bałtycka 01",
        "network": "ZIM Słupsk",
        "operator": "ZIM Słupsk",
        "public_transport": "platform",
        "ref": "3081",
        "shelter": "yes"
      },
      "geometry": {
        "type": "Point",
        "coordinates": [
          17.0271493,
          54.4758144
        ]
      },
      "id": "node/6175265781"
    },
    {
      "type": "Feature",
      "properties": {
        "@id": "node/6176715017",
        "bus": "yes",
        "departures_board": "realtime",
        "highway": "bus_stop",
        "name": "Stary Cmentarz 02",
        "network": "ZIM Słupsk",
        "operator": "ZIM Słupsk",
        "public_transport": "platform",
        "ref": "6062",
        "shelter": "yes"
      },
      "geometry": {
        "type": "Point",
        "coordinates": [
          17.0409098,
          54.468808
        ]
      },
      "id": "node/6176715017"
    },
    {
      "type": "Feature",
      "properties": {
        "@id": "node/6176715018",
        "bus": "yes",
        "departures_board": "realtime",
        "highway": "bus_stop",
        "name": "Stary Cmentarz 01",
        "network": "ZIM Słupsk",
        "operator": "ZIM Słupsk",
        "public_transport": "platform",
        "ref": "6061",
        "shelter": "yes"
      },
      "geometry": {
        "type": "Point",
        "coordinates": [
          17.0411264,
          54.4687522
        ]
      },
      "id": "node/6176715018"
    },
    {
      "type": "Feature",
      "properties": {
        "@id": "node/6176715019",
        "bench": "yes",
        "bin": "yes",
        "bus": "yes",
        "departures_board": "timetable",
        "highway": "bus_stop",
        "name": "Lotha 01",
        "network": "ZIM Słupsk",
        "operator": "ZIM Słupsk",
        "public_transport": "platform",
        "ref": "4091",
        "shelter": "yes"
      },
      "geometry": {
        "type": "Point",
        "coordinates": [
          17.0450627,
          54.4686125
        ]
      },
      "id": "node/6176715019"
    },
    {
      "type": "Feature",
      "properties": {
        "@id": "node/6176715020",
        "bench": "yes",
        "bin": "yes",
        "bus": "yes",
        "departures_board": "timetable",
        "highway": "bus_stop",
        "name": "Lotha 02",
        "network": "ZIM Słupsk",
        "operator": "ZIM Słupsk",
        "public_transport": "platform",
        "ref": "4092",
        "shelter": "yes",
        "tactile_paving": "no"
      },
      "geometry": {
        "type": "Point",
        "coordinates": [
          17.0456132,
          54.4675112
        ]
      },
      "id": "node/6176715020"
    },
    {
      "type": "Feature",
      "properties": {
        "@id": "node/6176715021",
        "bench": "yes",
        "bin": "yes",
        "bus": "yes",
        "departures_board": "realtime",
        "highway": "bus_stop",
        "name": "Os. Słowińskie 01",
        "network": "ZIM Słupsk",
        "operator": "ZIM Słupsk",
        "public_transport": "platform",
        "ref": "4111",
        "shelter": "yes"
      },
      "geometry": {
        "type": "Point",
        "coordinates": [
          17.051446,
          54.4686755
        ]
      },
      "id": "node/6176715021"
    },
    {
      "type": "Feature",
      "properties": {
        "@id": "node/6176715022",
        "bench": "yes",
        "bin": "yes",
        "bus": "yes",
        "departures_board": "timetable",
        "highway": "bus_stop",
        "name": "Klonowa 01",
        "network": "ZIM Słupsk",
        "operator": "ZIM Słupsk",
        "public_transport": "platform",
        "ref": "4021",
        "shelter": "no"
      },
      "geometry": {
        "type": "Point",
        "coordinates": [
          17.0575418,
          54.4678518
        ]
      },
      "id": "node/6176715022"
    },
    {
      "type": "Feature",
      "properties": {
        "@id": "node/6176715023",
        "bench": "yes",
        "bus": "yes",
        "departures_board": "timetable",
        "highway": "bus_stop",
        "name": "Gdańska - szkoła N/Ż 01",
        "name:uk": "Гданська - школа",
        "network": "ZIM Słupsk",
        "operator": "ZIM Słupsk",
        "public_transport": "platform",
        "ref": "4011",
        "shelter": "no"
      },
      "geometry": {
        "type": "Point",
        "coordinates": [
          17.0486368,
          54.4656129
        ]
      },
      "id": "node/6176715023"
    },
    {
      "type": "Feature",
      "properties": {
        "@id": "node/6176715024",
        "bench": "yes",
        "bin": "yes",
        "bus": "yes",
        "departures_board": "timetable",
        "highway": "bus_stop",
        "name": "Wiejska 03",
        "operator": "ZIM Słupsk",
        "public_transport": "platform",
        "ref": "6083",
        "shelter": "yes"
      },
      "geometry": {
        "type": "Point",
        "coordinates": [
          17.0430096,
          54.464897
        ]
      },
      "id": "node/6176715024"
    },
    {
      "type": "Feature",
      "properties": {
        "@id": "node/6176715025",
        "bench": "yes",
        "bin": "yes",
        "bus": "yes",
        "departures_board": "timetable",
        "highway": "bus_stop",
        "lit": "yes",
        "name": "Nad Śluzami 01",
        "network": "ZIM Słupsk",
        "operator": "ZIM Słupsk",
        "public_transport": "platform",
        "ref": "5081",
        "shelter": "yes",
        "tactile_paving": "no"
      },
      "geometry": {
        "type": "Point",
        "coordinates": [
          17.0406372,
          54.4610014
        ]
      },
      "id": "node/6176715025"
    },
    {
      "type": "Feature",
      "properties": {
        "@id": "node/6176715026",
        "bench": "no",
        "bin": "no",
        "bus": "yes",
        "departures_board": "timetable",
        "highway": "bus_stop",
        "name": "Arciszewskiego 01",
        "network": "ZIM Słupsk",
        "operator": "ZIM Słupsk",
        "public_transport": "platform",
        "ref": "5091",
        "shelter": "no"
      },
      "geometry": {
        "type": "Point",
        "coordinates": [
          17.0427333,
          54.4583636
        ]
      },
      "id": "node/6176715026"
    },
    {
      "type": "Feature",
      "properties": {
        "@id": "node/6176715027",
        "bench": "yes",
        "bin": "yes",
        "bus": "yes",
        "departures_board": "timetable",
        "highway": "bus_stop",
        "name": "Arciszewskiego 02",
        "network": "ZIM Słupsk",
        "operator": "ZIM Słupsk",
        "public_transport": "platform",
        "ref": "5092",
        "shelter": "yes"
      },
      "geometry": {
        "type": "Point",
        "coordinates": [
          17.0429897,
          54.4586699
        ]
      },
      "id": "node/6176715027"
    },
    {
      "type": "Feature",
      "properties": {
        "@id": "node/6176715028",
        "bench": "yes",
        "bin": "yes",
        "bus": "yes",
        "departures_board": "timetable",
        "highway": "bus_stop",
        "name": "Os. Akademickie 02",
        "network": "ZIM Słupsk",
        "operator": "ZIM Słupsk",
        "public_transport": "platform",
        "ref": "5102",
        "shelter": "yes"
      },
      "geometry": {
        "type": "Point",
        "coordinates": [
          17.0422153,
          54.4548958
        ]
      },
      "id": "node/6176715028"
    },
    {
      "type": "Feature",
      "properties": {
        "@id": "node/6176715029",
        "bench": "no",
        "bin": "no",
        "bus": "yes",
        "departures_board": "timetable",
        "highway": "bus_stop",
        "name": "Os. Akademickie 01",
        "network": "ZIM Słupsk",
        "operator": "ZIM Słupsk",
        "public_transport": "platform",
        "ref": "5101",
        "shelter": "no"
      },
      "geometry": {
        "type": "Point",
        "coordinates": [
          17.0438019,
          54.4542213
        ]
      },
      "id": "node/6176715029"
    },
    {
      "type": "Feature",
      "properties": {
        "@id": "node/6176715030",
        "bench": "no",
        "bin": "no",
        "bus": "yes",
        "departures_board": "timetable",
        "highway": "bus_stop",
        "name": "Os. Akademickie N/Ż 03",
        "network": "ZIM Słupsk",
        "operator": "ZIM Słupsk",
        "public_transport": "platform",
        "ref": "5103",
        "shelter": "no"
      },
      "geometry": {
        "type": "Point",
        "coordinates": [
          17.0418648,
          54.4538068
        ]
      },
      "id": "node/6176715030"
    },
    {
      "type": "Feature",
      "properties": {
        "@id": "node/6176715031",
        "bench": "no",
        "bin": "yes",
        "bus": "yes",
        "departures_board": "timetable",
        "highway": "bus_stop",
        "name": "Arciszewskiego - Uniwersytecka N/Ż 02",
        "network": "ZIM Słupsk",
        "operator": "ZIM Słupsk",
        "public_transport": "platform",
        "ref": "5112",
        "shelter": "no"
      },
      "geometry": {
        "type": "Point",
        "coordinates": [
          17.0408737,
          54.450274
        ]
      },
      "id": "node/6176715031"
    },
    {
      "type": "Feature",
      "properties": {
        "@id": "node/6176715032",
        "bench": "no",
        "bin": "yes",
        "bus": "yes",
        "departures_board": "timetable",
        "highway": "bus_stop",
        "name": "Parkowa 01",
        "network": "ZIM Słupsk",
        "operator": "ZIM Słupsk",
        "public_transport": "platform",
        "ref": "5171",
        "shelter": "no"
      },
      "geometry": {
        "type": "Point",
        "coordinates": [
          17.0500297,
          54.4531839
        ]
      },
      "id": "node/6176715032"
    },
    {
      "type": "Feature",
      "properties": {
        "@id": "node/6176715036",
        "bench": "no",
        "bin": "no",
        "bus": "yes",
        "departures_board": "timetable",
        "highway": "bus_stop",
        "name": "Gdyńska 01",
        "network": "ZIM Słupsk",
        "operator": "ZIM Słupsk",
        "public_transport": "platform",
        "ref": "5191",
        "shelter": "no"
      },
      "geometry": {
        "type": "Point",
        "coordinates": [
          17.0507412,
          54.4462884
        ]
      },
      "id": "node/6176715036"
    },
    {
      "type": "Feature",
      "properties": {
        "@id": "node/6176715038",
        "bench": "no",
        "bin": "yes",
        "bus": "yes",
        "departures_board": "timetable",
        "highway": "bus_stop",
        "name": "Jarzębinowa N/Ż 01",
        "network": "ZIM Słupsk",
        "operator": "ZIM Słupsk",
        "public_transport": "platform",
        "ref": "5161",
        "shelter": "no"
      },
      "geometry": {
        "type": "Point",
        "coordinates": [
          17.0502615,
          54.4544541
        ]
      },
      "id": "node/6176715038"
    },
    {
      "type": "Feature",
      "properties": {
        "@id": "node/6176715039",
        "bench": "no",
        "bin": "yes",
        "bus": "yes",
        "departures_board": "timetable",
        "highway": "bus_stop",
        "name": "Jarzębinowa N/Ż 02",
        "network": "ZIM Słupsk",
        "operator": "ZIM Słupsk",
        "public_transport": "platform",
        "ref": "5162",
        "shelter": "no"
      },
      "geometry": {
        "type": "Point",
        "coordinates": [
          17.0505667,
          54.4553522
        ]
      },
      "id": "node/6176715039"
    },
    {
      "type": "Feature",
      "properties": {
        "@id": "node/6176715040",
        "bench": "no",
        "bin": "yes",
        "bus": "yes",
        "departures_board": "timetable",
        "highway": "bus_stop",
        "name": "Kasztanowa N/Ż 02",
        "network": "ZIM Słupsk",
        "operator": "ZIM Słupsk",
        "public_transport": "platform",
        "ref": "5152",
        "shelter": "no"
      },
      "geometry": {
        "type": "Point",
        "coordinates": [
          17.050468,
          54.4575423
        ]
      },
      "id": "node/6176715040"
    },
    {
      "type": "Feature",
      "properties": {
        "@id": "node/6176715041",
        "bench": "no",
        "bin": "yes",
        "bus": "yes",
        "departures_board": "timetable",
        "highway": "bus_stop",
        "name": "Kasztanowa N/Ż 01",
        "network": "ZIM Słupsk",
        "operator": "ZIM Słupsk",
        "public_transport": "platform",
        "ref": "5151",
        "shelter": "no"
      },
      "geometry": {
        "type": "Point",
        "coordinates": [
          17.0504153,
          54.458125
        ]
      },
      "id": "node/6176715041"
    },
    {
      "type": "Feature",
      "properties": {
        "@id": "node/6177035333",
        "bus": "yes",
        "departures_board": "timetable",
        "highway": "bus_stop",
        "name": "Sportowa 01",
        "network": "ZIM Słupsk",
        "operator": "ZIM Słupsk",
        "public_transport": "platform",
        "ref": "3061",
        "shelter": "yes"
      },
      "geometry": {
        "type": "Point",
        "coordinates": [
          17.0473659,
          54.4828062
        ]
      },
      "id": "node/6177035333"
    },
    {
      "type": "Feature",
      "properties": {
        "@id": "node/6177035334",
        "bus": "yes",
        "departures_board": "timetable",
        "highway": "bus_stop",
        "name": "Drzymały 01",
        "network": "ZIM Słupsk",
        "operator": "ZIM Słupsk",
        "public_transport": "platform",
        "ref": "3051",
        "shelter": "no"
      },
      "geometry": {
        "type": "Point",
        "coordinates": [
          17.0487202,
          54.4823294
        ]
      },
      "id": "node/6177035334"
    },
    {
      "type": "Feature",
      "properties": {
        "@id": "node/6177035335",
        "bus": "yes",
        "highway": "bus_stop",
        "name": "Owocowa N/Ż 01",
        "network": "ZIM Słupsk",
        "operator": "ZIM Słupsk",
        "public_transport": "platform",
        "ref": "3041",
        "shelter": "no"
      },
      "geometry": {
        "type": "Point",
        "coordinates": [
          17.0501441,
          54.4825081
        ]
      },
      "id": "node/6177035335"
    },
    {
      "type": "Feature",
      "properties": {
        "@id": "node/6177035336",
        "bench": "no",
        "bin": "no",
        "bus": "yes",
        "departures_board": "timetable",
        "highway": "bus_stop",
        "lit": "no",
        "name": "Owocowa 01",
        "network": "ZIM Słupsk",
        "operator": "ZIM Słupsk",
        "public_transport": "platform",
        "ref": "3043",
        "shelter": "no",
        "tactile_paving": "no"
      },
      "geometry": {
        "type": "Point",
        "coordinates": [
          17.0509707,
          54.4819574
        ]
      },
      "id": "node/6177035336"
    },
    {
      "type": "Feature",
      "properties": {
        "@id": "node/6177035337",
        "bin": "yes",
        "bus": "yes",
        "departures_board": "timetable",
        "highway": "bus_stop",
        "name": "Bauera N/Ż 01",
        "network": "ZIM Słupsk",
        "operator": "ZIM Słupsk",
        "public_transport": "platform",
        "ref": "3031",
        "shelter": "no"
      },
      "geometry": {
        "type": "Point",
        "coordinates": [
          17.0453653,
          54.4797601
        ]
      },
      "id": "node/6177035337"
    },
    {
      "type": "Feature",
      "properties": {
        "@id": "node/6177035338",
        "bench": "no",
        "bin": "yes",
        "bus": "yes",
        "highway": "bus_stop",
        "lit": "no",
        "name": "Owocowa 03",
        "network": "Nord Express",
        "operator": "ZIM Słupsk",
        "public_transport": "platform",
        "ref": "3042",
        "shelter": "no",
        "tactile_paving": "no"
      },
      "geometry": {
        "type": "Point",
        "coordinates": [
          17.048973,
          54.4819992
        ]
      },
      "id": "node/6177035338"
    },
    {
      "type": "Feature",
      "properties": {
        "@id": "node/6177035339",
        "bench": "no",
        "bin": "yes",
        "bus": "yes",
        "departures_board": "timetable",
        "highway": "bus_stop",
        "name": "Bauera 02",
        "public_transport": "platform",
        "ref": "3032",
        "shelter": "no"
      },
      "geometry": {
        "type": "Point",
        "coordinates": [
          17.0438589,
          54.4789954
        ]
      },
      "id": "node/6177035339"
    },
    {
      "type": "Feature",
      "properties": {
        "@id": "node/6177057223",
        "bench": "yes",
        "bin": "yes",
        "bus": "yes",
        "departures_board": "timetable",
        "highway": "bus_stop",
        "lit": "yes",
        "name": "Urząd Skarbowy",
        "operator": "ZIM Słupsk",
        "public_transport": "platform",
        "shelter": "no",
        "tactile_paving": "no"
      },
      "geometry": {
        "type": "Point",
        "coordinates": [
          16.9919476,
          54.4576821
        ]
      },
      "id": "node/6177057223"
    },
    {
      "type": "Feature",
      "properties": {
        "@id": "node/6177057224",
        "bench": "yes",
        "bin": "yes",
        "bus": "yes",
        "departures_board": "realtime",
        "highway": "bus_stop",
        "lit": "yes",
        "name": "Dmowskiego 01",
        "network": "ZIM Słupsk",
        "operator": "ZIM Słupsk",
        "public_transport": "platform",
        "ref": "1011",
        "shelter": "yes",
        "tactile_paving": "no"
      },
      "geometry": {
        "type": "Point",
        "coordinates": [
          16.9845624,
          54.4559369
        ]
      },
      "id": "node/6177057224"
    },
    {
      "type": "Feature",
      "properties": {
        "@id": "node/6177057225",
        "bench": "yes",
        "bin": "yes",
        "bus": "yes",
        "departures_board": "realtime",
        "highway": "bus_stop",
        "lit": "yes",
        "name": "Dmowskiego 02",
        "network": "ZIM Słupsk",
        "operator": "ZIM Słupsk",
        "public_transport": "platform",
        "ref": "1012",
        "shelter": "yes",
        "tactile_paving": "no"
      },
      "geometry": {
        "type": "Point",
        "coordinates": [
          16.9847183,
          54.455884
        ]
      },
      "id": "node/6177057225"
    },
    {
      "type": "Feature",
      "properties": {
        "@id": "node/6177057226",
        "bus": "yes",
        "departures_board": "timetable",
        "highway": "bus_stop",
        "name": "Kołobrzeska N/Ż 02",
        "network": "ZIM Słupsk",
        "operator": "ZIM Słupsk",
        "public_transport": "platform",
        "ref": "1172",
        "shelter": "no"
      },
      "geometry": {
        "type": "Point",
        "coordinates": [
          16.9856167,
          54.4535236
        ]
      },
      "id": "node/6177057226"
    },
    {
      "type": "Feature",
      "properties": {
        "@id": "node/6177057227",
        "bus": "yes",
        "departures_board": "timetable",
        "highway": "bus_stop",
        "name": "Kołobrzeska N/Ż 01",
        "network": "ZIM Słupsk",
        "operator": "ZIM Słupsk",
        "public_transport": "platform",
        "ref": "1171",
        "shelter": "no"
      },
      "geometry": {
        "type": "Point",
        "coordinates": [
          16.9863248,
          54.4535243
        ]
      },
      "id": "node/6177057227"
    },
    {
      "type": "Feature",
      "properties": {
        "@id": "node/6177057228",
        "bench": "yes",
        "bin": "yes",
        "bus": "yes",
        "departures_board": "realtime",
        "highway": "bus_stop",
        "lit": "yes",
        "name": "Andersa 01",
        "network": "ZIM Słupsk",
        "operator": "ZIM Słupsk",
        "public_transport": "platform",
        "ref": "1041",
        "shelter": "yes",
        "tactile_paving": "no"
      },
      "geometry": {
        "type": "Point",
        "coordinates": [
          16.982994,
          54.4586175
        ]
      },
      "id": "node/6177057228"
    },
    {
      "type": "Feature",
      "properties": {
        "@id": "node/6177079234",
        "bus": "yes",
        "departures_board": "timetable",
        "highway": "bus_stop",
        "name": "Włynkówko 02",
        "public_transport": "platform",
        "ref": "3182"
      },
      "geometry": {
        "type": "Point",
        "coordinates": [
          16.9936871,
          54.5065418
        ]
      },
      "id": "node/6177079234"
    },
    {
      "type": "Feature",
      "properties": {
        "@id": "node/6177079235",
        "bus": "yes",
        "departures_board": "timetable",
        "highway": "bus_stop",
        "name": "Włynkówko 01",
        "public_transport": "platform",
        "ref": "3181"
      },
      "geometry": {
        "type": "Point",
        "coordinates": [
          16.9941754,
          54.5064073
        ]
      },
      "id": "node/6177079235"
    },
    {
      "type": "Feature",
      "properties": {
        "@id": "node/6191094830",
        "bench": "yes",
        "bus": "yes",
        "departures_board": "timetable",
        "highway": "bus_stop",
        "name": "Słoneczna - MOPR",
        "operator": "ZIM Słupsk",
        "public_transport": "platform",
        "shelter": "yes",
        "tactile_paving": "no"
      },
      "geometry": {
        "type": "Point",
        "coordinates": [
          17.021808,
          54.45068
        ]
      },
      "id": "node/6191094830"
    },
    {
      "type": "Feature",
      "properties": {
        "@id": "node/6203634583",
        "bus": "yes",
        "departures_board": "timetable",
        "highway": "bus_stop",
        "name": "Strzelino 02",
        "public_transport": "platform",
        "ref": "3222"
      },
      "geometry": {
        "type": "Point",
        "coordinates": [
          16.968738,
          54.5043623
        ]
      },
      "id": "node/6203634583"
    },
    {
      "type": "Feature",
      "properties": {
        "@id": "node/6203634584",
        "bus": "yes",
        "departures_board": "timetable",
        "highway": "bus_stop",
        "name": "Strzelino 01",
        "public_transport": "platform",
        "ref": "3221"
      },
      "geometry": {
        "type": "Point",
        "coordinates": [
          16.9690772,
          54.5043121
        ]
      },
      "id": "node/6203634584"
    },
    {
      "type": "Feature",
      "properties": {
        "@id": "node/6203634685",
        "bus": "yes",
        "departures_board": "timetable",
        "highway": "bus_stop",
        "name": "Strzelino - zakład 02",
        "public_transport": "platform",
        "ref": "3322"
      },
      "geometry": {
        "type": "Point",
        "coordinates": [
          16.979538,
          54.5058583
        ]
      },
      "id": "node/6203634685"
    },
    {
      "type": "Feature",
      "properties": {
        "@id": "node/6203634686",
        "bus": "yes",
        "departures_board": "timetable",
        "highway": "bus_stop",
        "name": "Strzelino - zakład 01",
        "public_transport": "platform",
        "ref": "3321"
      },
      "geometry": {
        "type": "Point",
        "coordinates": [
          16.9790413,
          54.5056898
        ]
      },
      "id": "node/6203634686"
    },
    {
      "type": "Feature",
      "properties": {
        "@id": "node/6238322134",
        "bench": "no",
        "bin": "yes",
        "bus": "yes",
        "departures_board": "timetable",
        "highway": "bus_stop",
        "name": "Lotha - szkoła N/Ż 01",
        "network": "ZIM Słupsk",
        "operator": "ZIM Słupsk",
        "public_transport": "platform",
        "ref": "4121",
        "shelter": "no"
      },
      "geometry": {
        "type": "Point",
        "coordinates": [
          17.0458847,
          54.4664684
        ]
      },
      "id": "node/6238322134"
    },
    {
      "type": "Feature",
      "properties": {
        "@id": "node/6238350929",
        "bench": "yes",
        "bin": "yes",
        "bus": "yes",
        "departures_board": "realtime",
        "highway": "bus_stop",
        "lit": "yes",
        "name": "Małcużyńskiego 01",
        "network": "ZIM Słupsk",
        "operator": "ZIM Słupsk",
        "public_transport": "platform",
        "ref": "1161",
        "shelter": "yes",
        "tactile_paving": "yes"
      },
      "geometry": {
        "type": "Point",
        "coordinates": [
          17.0006635,
          54.4642901
        ]
      },
      "id": "node/6238350929"
    },
    {
      "type": "Feature",
      "properties": {
        "@id": "node/6238350930",
        "bench": "yes",
        "bin": "yes",
        "bus": "yes",
        "departures_board": "timetable",
        "highway": "bus_stop",
        "lit": "no",
        "name": "Norwida 02",
        "network": "ZIM Słupsk",
        "operator": "ZIM Słupsk",
        "public_transport": "platform",
        "ref": "1152",
        "shelter": "no",
        "tactile_paving": "yes"
      },
      "geometry": {
        "type": "Point",
        "coordinates": [
          16.9978106,
          54.4647771
        ]
      },
      "id": "node/6238350930"
    },
    {
      "type": "Feature",
      "properties": {
        "@id": "node/6288781652",
        "bench": "no",
        "bus": "yes",
        "highway": "bus_stop",
        "name": "3 Maja - Działki",
        "operator": "ZIM Słupsk",
        "public_transport": "platform",
        "shelter": "no"
      },
      "geometry": {
        "type": "Point",
        "coordinates": [
          16.9753543,
          54.4779043
        ]
      },
      "id": "node/6288781652"
    },
    {
      "type": "Feature",
      "properties": {
        "@id": "node/6288781653",
        "bench": "yes",
        "bus": "yes",
        "highway": "bus_stop",
        "lit": "no",
        "name": "3 Maja - Działki N/Ż 02",
        "network": "ZIM Słupsk",
        "operator": "ZIM Słupsk",
        "public_transport": "platform",
        "ref": "2012",
        "shelter": "no",
        "tactile_paving": "yes"
      },
      "geometry": {
        "type": "Point",
        "coordinates": [
          16.9780257,
          54.4776238
        ]
      },
      "id": "node/6288781653"
    },
    {
      "type": "Feature",
      "properties": {
        "@id": "node/6290820174",
        "bus": "yes",
        "highway": "bus_stop",
        "name": "3 Maja - granica miasta",
        "public_transport": "platform"
      },
      "geometry": {
        "type": "Point",
        "coordinates": [
          16.9666355,
          54.4796119
        ]
      },
      "id": "node/6290820174"
    },
    {
      "type": "Feature",
      "properties": {
        "@id": "node/6290820175",
        "bus": "yes",
        "highway": "bus_stop",
        "name": "3 Maja - granica miasta",
        "public_transport": "platform"
      },
      "geometry": {
        "type": "Point",
        "coordinates": [
          16.9680588,
          54.4792204
        ]
      },
      "id": "node/6290820175"
    },
    {
      "type": "Feature",
      "properties": {
        "@id": "node/6430971465",
        "bench": "yes",
        "bin": "yes",
        "bus": "yes",
        "departures_board": "yes",
        "highway": "bus_stop",
        "lit": "yes",
        "name": "CH Jantar 01",
        "network": "ZIM Słupsk",
        "operator": "ZIM Słupsk",
        "public_transport": "platform",
        "ref": "1141",
        "shelter": "yes"
      },
      "geometry": {
        "type": "Point",
        "coordinates": [
          16.9906861,
          54.4533277
        ]
      },
      "id": "node/6430971465"
    },
    {
      "type": "Feature",
      "properties": {
        "@id": "node/6430971466",
        "bus": "yes",
        "departures_board": "timetable",
        "highway": "bus_stop",
        "name": "CH Jantar 02",
        "network": "ZIM Słupsk",
        "operator": "ZIM Słupsk",
        "public_transport": "platform",
        "ref": "1142",
        "shelter": "no"
      },
      "geometry": {
        "type": "Point",
        "coordinates": [
          16.991771,
          54.4531835
        ]
      },
      "id": "node/6430971466"
    },
    {
      "type": "Feature",
      "properties": {
        "@id": "node/6432503610",
        "bench": "no",
        "bin": "no",
        "bus": "yes",
        "departures_board": "timetable",
        "highway": "bus_stop",
        "name": "Park Trendla N/Ż 02",
        "network": "ZIM Słupsk",
        "operator": "ZIM Słupsk",
        "public_transport": "platform",
        "ref": "8242",
        "shelter": "no"
      },
      "geometry": {
        "type": "Point",
        "coordinates": [
          17.0373051,
          54.4440485
        ]
      },
      "id": "node/6432503610"
    },
    {
      "type": "Feature",
      "properties": {
        "@id": "node/6433282340",
        "bench": "no",
        "bin": "no",
        "bus": "yes",
        "departures_board": "timetable",
        "highway": "bus_stop",
        "name": "Gdańska IV N/Ż 01",
        "network": "ZIM Słupsk",
        "operator": "ZIM Słupsk",
        "public_transport": "platform",
        "ref": "4071",
        "shelter": "no"
      },
      "geometry": {
        "type": "Point",
        "coordinates": [
          17.0930713,
          54.4693228
        ]
      },
      "id": "node/6433282340"
    },
    {
      "type": "Feature",
      "properties": {
        "@id": "node/6433282341",
        "bench": "no",
        "bin": "no",
        "bus": "yes",
        "departures_board": "timetable",
        "highway": "bus_stop",
        "name": "Gdańska III N/Ż 02",
        "network": "ZIM Słupsk",
        "operator": "ZIM Słupsk",
        "public_transport": "platform",
        "ref": "4062",
        "shelter": "no"
      },
      "geometry": {
        "type": "Point",
        "coordinates": [
          17.0918423,
          54.4696839
        ]
      },
      "id": "node/6433282341"
    },
    {
      "type": "Feature",
      "properties": {
        "@id": "node/6433854430",
        "bench": "no",
        "bin": "yes",
        "bus": "yes",
        "departures_board": "timetable",
        "highway": "bus_stop",
        "name": "Bałtycka - Wiadukt 02",
        "network": "ZIM Słupsk",
        "operator": "ZIM Słupsk",
        "public_transport": "platform",
        "ref": "3092",
        "shelter": "no"
      },
      "geometry": {
        "type": "Point",
        "coordinates": [
          17.0260313,
          54.4782613
        ]
      },
      "id": "node/6433854430"
    },
    {
      "type": "Feature",
      "properties": {
        "@id": "node/6433854431",
        "bench": "no",
        "bin": "yes",
        "bus": "yes",
        "departures_board": "timetable",
        "highway": "bus_stop",
        "name": "Bałtycka - Wiadukt 01",
        "network": "ZIM Słupsk",
        "operator": "ZIM Słupsk",
        "public_transport": "platform",
        "ref": "3091",
        "shelter": "no"
      },
      "geometry": {
        "type": "Point",
        "coordinates": [
          17.0259456,
          54.479131
        ]
      },
      "id": "node/6433854431"
    },
    {
      "type": "Feature",
      "properties": {
        "@id": "node/6433854432",
        "bus": "yes",
        "highway": "bus_stop",
        "name": "Portowa - Interstyl N/Ż 02",
        "network": "ZIM Słupsk",
        "operator": "ZIM Słupsk",
        "public_transport": "platform",
        "ref": "3122"
      },
      "geometry": {
        "type": "Point",
        "coordinates": [
          17.0219481,
          54.485675
        ]
      },
      "id": "node/6433854432"
    },
    {
      "type": "Feature",
      "properties": {
        "@id": "node/6433854433",
        "bus": "yes",
        "highway": "bus_stop",
        "name": "Portowa - Interstyl N/Ż 01",
        "network": "ZIM Słupsk",
        "operator": "ZIM Słupsk",
        "public_transport": "platform",
        "ref": "3121"
      },
      "geometry": {
        "type": "Point",
        "coordinates": [
          17.0215492,
          54.4863927
        ]
      },
      "id": "node/6433854433"
    },
    {
      "type": "Feature",
      "properties": {
        "@id": "node/6433854434",
        "bench": "no",
        "bin": "yes",
        "bus": "yes",
        "departures_board": "timetable",
        "highway": "bus_stop",
        "name": "Portowa - Fabryka Okien N/Ż 02",
        "network": "ZIM Słupsk",
        "operator": "ZIM Słupsk",
        "public_transport": "platform",
        "ref": "3102",
        "shelter": "no",
        "tactile_paving": "no"
      },
      "geometry": {
        "type": "Point",
        "coordinates": [
          17.0170747,
          54.4897579
        ]
      },
      "id": "node/6433854434"
    },
    {
      "type": "Feature",
      "properties": {
        "@id": "node/6433854435",
        "bench": "no",
        "bin": "yes",
        "bus": "yes",
        "departures_board": "timetable",
        "highway": "bus_stop",
        "name": "Portowa - Fabryka Okien N/Ż 01",
        "network": "ZIM Słupsk",
        "operator": "ZIM Słupsk",
        "public_transport": "platform",
        "ref": "3101",
        "shelter": "no",
        "tactile_paving": "no"
      },
      "geometry": {
        "type": "Point",
        "coordinates": [
          17.0171597,
          54.4899117
        ]
      },
      "id": "node/6433854435"
    },
    {
      "type": "Feature",
      "properties": {
        "@id": "node/6433854436",
        "bench": "no",
        "bin": "yes",
        "bus": "yes",
        "departures_board": "timetable",
        "highway": "bus_stop",
        "name": "Os. Bałtyckie N/Ż 02",
        "network": "ZIM Słupsk",
        "operator": "ZIM Słupsk",
        "public_transport": "platform",
        "ref": "3112",
        "shelter": "no"
      },
      "geometry": {
        "type": "Point",
        "coordinates": [
          17.0138364,
          54.4921343
        ]
      },
      "id": "node/6433854436"
    },
    {
      "type": "Feature",
      "properties": {
        "@id": "node/6433854437",
        "bench": "no",
        "bin": "yes",
        "bus": "yes",
        "departures_board": "timetable",
        "highway": "bus_stop",
        "name": "Os. Bałtyckie N/Ż 01",
        "network": "ZIM Słupsk",
        "operator": "ZIM Słupsk",
        "public_transport": "platform",
        "ref": "3111",
        "shelter": "no"
      },
      "geometry": {
        "type": "Point",
        "coordinates": [
          17.0105525,
          54.4947365
        ]
      },
      "id": "node/6433854437"
    },
    {
      "type": "Feature",
      "properties": {
        "@id": "node/6433854438",
        "bench": "yes",
        "bin": "yes",
        "bus": "yes",
        "departures_board": "timetable",
        "highway": "bus_stop",
        "name": "Portowa - Strefa Ekonomiczna N/Ż 01",
        "network": "ZIM Słupsk",
        "operator": "ZIM Słupsk",
        "public_transport": "platform",
        "ref": "3131",
        "shelter": "yes"
      },
      "geometry": {
        "type": "Point",
        "coordinates": [
          17.0084013,
          54.4960778
        ]
      },
      "id": "node/6433854438"
    },
    {
      "type": "Feature",
      "properties": {
        "@id": "node/6433854440",
        "bus": "yes",
        "departures_board": "timetable",
        "highway": "bus_stop",
        "name": "Włynkówko - działki 01",
        "public_transport": "platform",
        "ref": "3171"
      },
      "geometry": {
        "type": "Point",
        "coordinates": [
          17.0041096,
          54.4993751
        ]
      },
      "id": "node/6433854440"
    },
    {
      "type": "Feature",
      "properties": {
        "@id": "node/6433854441",
        "bus": "yes",
        "departures_board": "timetable",
        "highway": "bus_stop",
        "name": "Włynkówko - działki 02",
        "public_transport": "platform",
        "ref": "3172"
      },
      "geometry": {
        "type": "Point",
        "coordinates": [
          17.0006179,
          54.502204
        ]
      },
      "id": "node/6433854441"
    },
    {
      "type": "Feature",
      "properties": {
        "@id": "node/6433972624",
        "bus": "yes",
        "departures_board": "timetable",
        "highway": "bus_stop",
        "name": "Strefa Ekonomiczna 02",
        "network": "ZIM Słupsk",
        "operator": "ZIM Słupsk",
        "public_transport": "platform",
        "ref": "3152",
        "shelter": "no"
      },
      "geometry": {
        "type": "Point",
        "coordinates": [
          17.0053451,
          54.494302
        ]
      },
      "id": "node/6433972624"
    },
    {
      "type": "Feature",
      "properties": {
        "@id": "node/6433972625",
        "bus": "yes",
        "departures_board": "timetable",
        "highway": "bus_stop",
        "name": "Strefa Ekonomiczna 01",
        "network": "ZIM Słupsk",
        "operator": "ZIM Słupsk",
        "public_transport": "platform",
        "ref": "3151",
        "shelter": "no"
      },
      "geometry": {
        "type": "Point",
        "coordinates": [
          17.0052711,
          54.4935732
        ]
      },
      "id": "node/6433972625"
    },
    {
      "type": "Feature",
      "properties": {
        "@id": "node/6433972626",
        "bus": "yes",
        "departures_board": "timetable",
        "highway": "bus_stop",
        "name": "Braci Staniuków N/Ż 02",
        "network": "ZIM Słupsk",
        "operator": "ZIM Słupsk",
        "public_transport": "platform",
        "ref": "3312",
        "shelter": "no"
      },
      "geometry": {
        "type": "Point",
        "coordinates": [
          17.0033685,
          54.4894577
        ]
      },
      "id": "node/6433972626"
    },
    {
      "type": "Feature",
      "properties": {
        "@id": "node/6433972627",
        "bus": "yes",
        "departures_board": "timetable",
        "highway": "bus_stop",
        "name": "Braci Staniuków N/Ż 01",
        "network": "ZIM Słupsk",
        "operator": "ZIM Słupsk",
        "public_transport": "platform",
        "ref": "3311",
        "shelter": "no"
      },
      "geometry": {
        "type": "Point",
        "coordinates": [
          17.0033236,
          54.4889089
        ]
      },
      "id": "node/6433972627"
    },
    {
      "type": "Feature",
      "properties": {
        "@id": "node/6433991357",
        "alt_name": "Głobino - Stacja Paliw",
        "bench": "yes",
        "bin": "yes",
        "bus": "yes",
        "departures_board": "timetable",
        "highway": "bus_stop",
        "name": "Głobino - Kusowo 01",
        "network": "ZIM Słupsk, PKS Słupsk",
        "public_transport": "platform",
        "ref": "8001",
        "ref:PKS": "16242",
        "shelter": "yes"
      },
      "geometry": {
        "type": "Point",
        "coordinates": [
          17.1001434,
          54.4417497
        ]
      },
      "id": "node/6433991357"
    },
    {
      "type": "Feature",
      "properties": {
        "@id": "node/6434637561",
        "bus": "yes",
        "departures_board": "timetable",
        "highway": "bus_stop",
        "name": "Kobylnica - Leśna 02",
        "public_transport": "platform",
        "ref": "7132",
        "shelter": "no"
      },
      "geometry": {
        "type": "Point",
        "coordinates": [
          17.0093205,
          54.4364176
        ]
      },
      "id": "node/6434637561"
    },
    {
      "type": "Feature",
      "properties": {
        "@id": "node/6434706536",
        "bus": "yes",
        "highway": "bus_stop",
        "name": "Siemianice - Miejska 02",
        "network": "ZIM Słupsk",
        "public_transport": "platform",
        "ref": "3262"
      },
      "geometry": {
        "type": "Point",
        "coordinates": [
          17.0575371,
          54.4914589
        ]
      },
      "id": "node/6434706536"
    },
    {
      "type": "Feature",
      "properties": {
        "@id": "node/6434706537",
        "bus": "yes",
        "departures_board": "timetable",
        "highway": "bus_stop",
        "name": "Siemianice - Miejska 01",
        "network": "ZIM Słupsk",
        "public_transport": "platform",
        "ref": "3261",
        "shelter": "yes"
      },
      "geometry": {
        "type": "Point",
        "coordinates": [
          17.0582742,
          54.4914718
        ]
      },
      "id": "node/6434706537"
    },
    {
      "type": "Feature",
      "properties": {
        "@id": "node/6434706538",
        "bench": "yes",
        "bin": "no",
        "bus": "yes",
        "highway": "bus_stop",
        "mapillary": "277747317460635",
        "name": "Siemianice - Słupska N/Ż 02",
        "network": "ZIM Słupsk",
        "public_transport": "platform",
        "ref": "3232",
        "shelter": "yes",
        "survey:date": "2020-11-21"
      },
      "geometry": {
        "type": "Point",
        "coordinates": [
          17.0573423,
          54.4921332
        ]
      },
      "id": "node/6434706538"
    },
    {
      "type": "Feature",
      "properties": {
        "@id": "node/6434706539",
        "bus": "yes",
        "highway": "bus_stop",
        "name": "Siemianice - Słupska N/Ż 01",
        "network": "ZIM Słupsk",
        "public_transport": "platform",
        "ref": "3231"
      },
      "geometry": {
        "type": "Point",
        "coordinates": [
          17.0575199,
          54.4921301
        ]
      },
      "id": "node/6434706539"
    },
    {
      "type": "Feature",
      "properties": {
        "@id": "node/6434706540",
        "bus": "yes",
        "departures_board": "timetable",
        "highway": "bus_stop",
        "name": "Siemianice - osiedle 02",
        "network": "ZIM Słupsk",
        "public_transport": "platform",
        "ref": "3272",
        "shelter": "no"
      },
      "geometry": {
        "type": "Point",
        "coordinates": [
          17.07413,
          54.4895179
        ]
      },
      "id": "node/6434706540"
    },
    {
      "type": "Feature",
      "properties": {
        "@id": "node/6434706541",
        "bus": "yes",
        "departures_board": "timetable",
        "highway": "bus_stop",
        "name": "Siemianice - osiedle 01",
        "network": "ZIM Słupsk",
        "public_transport": "platform",
        "ref": "3271",
        "shelter": "no"
      },
      "geometry": {
        "type": "Point",
        "coordinates": [
          17.0756596,
          54.4894234
        ]
      },
      "id": "node/6434706541"
    },
    {
      "type": "Feature",
      "properties": {
        "@id": "node/6434706542",
        "bus": "yes",
        "departures_board": "timetable",
        "highway": "bus_stop",
        "name": "Siemianice - Miętowa 01",
        "network": "ZIM Słupsk",
        "public_transport": "platform",
        "ref": "3301"
      },
      "geometry": {
        "type": "Point",
        "coordinates": [
          17.0739191,
          54.4934833
        ]
      },
      "id": "node/6434706542"
    },
    {
      "type": "Feature",
      "properties": {
        "@id": "node/6434706543",
        "bus": "yes",
        "departures_board": "timetable",
        "highway": "bus_stop",
        "name": "Siemianice - Miętowa 02",
        "network": "ZIM Słupsk",
        "public_transport": "platform",
        "ref": "3302",
        "shelter": "no"
      },
      "geometry": {
        "type": "Point",
        "coordinates": [
          17.0734252,
          54.4934246
        ]
      },
      "id": "node/6434706543"
    },
    {
      "type": "Feature",
      "properties": {
        "@id": "node/6434706544",
        "bus": "yes",
        "departures_board": "timetable",
        "highway": "bus_stop",
        "name": "Siemianice - Agrestowa 01",
        "network": "ZIM Słupsk",
        "public_transport": "platform",
        "ref": "3291"
      },
      "geometry": {
        "type": "Point",
        "coordinates": [
          17.0672826,
          54.4940616
        ]
      },
      "id": "node/6434706544"
    },
    {
      "type": "Feature",
      "properties": {
        "@id": "node/6434706545",
        "bus": "yes",
        "departures_board": "timetable",
        "highway": "bus_stop",
        "name": "Siemianice - Agrestowa 02",
        "network": "ZIM Słupsk",
        "public_transport": "platform",
        "ref": "3292"
      },
      "geometry": {
        "type": "Point",
        "coordinates": [
          17.0674664,
          54.4939569
        ]
      },
      "id": "node/6434706545"
    },
    {
      "type": "Feature",
      "properties": {
        "@id": "node/6434706546",
        "bench": "yes",
        "bin": "yes",
        "bus": "yes",
        "highway": "bus_stop",
        "name": "Siemianice - Spacerowa 02",
        "network": "ZIM Słupsk",
        "public_transport": "platform",
        "ref": "3282",
        "shelter": "yes"
      },
      "geometry": {
        "type": "Point",
        "coordinates": [
          17.0643734,
          54.4942331
        ]
      },
      "id": "node/6434706546"
    },
    {
      "type": "Feature",
      "properties": {
        "@id": "node/6434706547",
        "bench": "yes",
        "bin": "yes",
        "bus": "yes",
        "highway": "bus_stop",
        "lit": "no",
        "name": "Siemianice 02",
        "network": "ZIM Słupsk",
        "public_transport": "platform",
        "ref": "3242",
        "shelter": "yes",
        "tactile_paving": "no"
      },
      "geometry": {
        "type": "Point",
        "coordinates": [
          17.0593374,
          54.4956793
        ]
      },
      "id": "node/6434706547"
    },
    {
      "type": "Feature",
      "properties": {
        "@id": "node/6434706548",
        "bench": "yes",
        "bin": "yes",
        "bus": "yes",
        "highway": "bus_stop",
        "lit": "no",
        "name": "Siemianice 01",
        "network": "ZIM Słupsk",
        "public_transport": "platform",
        "ref": "3241",
        "shelter": "yes",
        "tactile_paving": "no"
      },
      "geometry": {
        "type": "Point",
        "coordinates": [
          17.0594535,
          54.4956157
        ]
      },
      "id": "node/6434706548"
    },
    {
      "type": "Feature",
      "properties": {
        "@id": "node/6434706549",
        "bus": "yes",
        "highway": "bus_stop",
        "name": "Siemianice - szkoła 02",
        "network": "ZIM Słupsk",
        "public_transport": "platform",
        "ref": "3252"
      },
      "geometry": {
        "type": "Point",
        "coordinates": [
          17.0611465,
          54.5023001
        ]
      },
      "id": "node/6434706549"
    },
    {
      "type": "Feature",
      "properties": {
        "@id": "node/6434706550",
        "bench": "yes",
        "bin": "yes",
        "bus": "yes",
        "departures_board": "timetable",
        "highway": "bus_stop",
        "name": "Siemianice - szkoła",
        "network": "Nord Express",
        "public_transport": "platform",
        "shelter": "yes"
      },
      "geometry": {
        "type": "Point",
        "coordinates": [
          17.0614139,
          54.5026249
        ]
      },
      "id": "node/6434706550"
    },
    {
      "type": "Feature",
      "properties": {
        "@id": "node/6434706551",
        "bus": "yes",
        "departures_board": "timetable",
        "highway": "bus_stop",
        "name": "Siemianice - szkoła 01",
        "network": "ZIM Słupsk",
        "public_transport": "platform",
        "ref": "3251",
        "shelter": "yes"
      },
      "geometry": {
        "type": "Point",
        "coordinates": [
          17.0618277,
          54.503119
        ]
      },
      "id": "node/6434706551"
    },
    {
      "type": "Feature",
      "properties": {
        "@id": "node/6436415159",
        "bus": "yes",
        "departures_board": "timetable",
        "highway": "bus_stop",
        "name": "Kobylnica - Widzińska N/Ż 01",
        "public_transport": "platform",
        "ref": "7141"
      },
      "geometry": {
        "type": "Point",
        "coordinates": [
          16.9896712,
          54.4365916
        ]
      },
      "id": "node/6436415159"
    },
    {
      "type": "Feature",
      "properties": {
        "@id": "node/6436439566",
        "bus": "yes",
        "departures_board": "timetable",
        "highway": "bus_stop",
        "name": "Kobylnica - Widzińska N/Ż 02",
        "public_transport": "platform",
        "ref": "7142"
      },
      "geometry": {
        "type": "Point",
        "coordinates": [
          16.9897836,
          54.4365606
        ]
      },
      "id": "node/6436439566"
    },
    {
      "type": "Feature",
      "properties": {
        "@id": "node/6438719915",
        "alt_name": "Bolesławice - stacja paliw N/Ż 03/04",
        "bus": "yes",
        "departures_board": "timetable",
        "highway": "bus_stop",
        "name": "Leśna N/Ż 03/04",
        "network": "ZIM Słupsk;PKS Słupsk;Nord Express",
        "operator": "PKS Słupsk;Nord Express",
        "public_transport": "platform",
        "ref": "7223/7224"
      },
      "geometry": {
        "type": "Point",
        "coordinates": [
          16.9671505,
          54.4512432
        ]
      },
      "id": "node/6438719915"
    },
    {
      "type": "Feature",
      "properties": {
        "@id": "node/6438719916",
        "alt_name": "Bolesławice - stacja paliw N/Ż 01/02",
        "bus": "yes",
        "departures_board": "timetable",
        "highway": "bus_stop",
        "name": "Leśna N/Ż 01/02",
        "network": "ZIM Słupsk;PKS Słupsk;Nord Express",
        "operator": "PKS Słupsk;Nord Express",
        "public_transport": "platform",
        "ref": "7221/7222"
      },
      "geometry": {
        "type": "Point",
        "coordinates": [
          16.963822,
          54.4507495
        ]
      },
      "id": "node/6438719916"
    },
    {
      "type": "Feature",
      "properties": {
        "@id": "node/6438719919",
        "bus": "yes",
        "departures_board": "timetable",
        "highway": "bus_stop",
        "name": "Kobylnica - Witosa 01/04",
        "public_transport": "platform",
        "ref": "7201/7204"
      },
      "geometry": {
        "type": "Point",
        "coordinates": [
          16.9730605,
          54.4505841
        ]
      },
      "id": "node/6438719919"
    },
    {
      "type": "Feature",
      "properties": {
        "@id": "node/6438719920",
        "bus": "yes",
        "departures_board": "timetable",
        "highway": "bus_stop",
        "name": "Kobylnica - Kosynierów 02",
        "public_transport": "platform",
        "ref": "7302"
      },
      "geometry": {
        "type": "Point",
        "coordinates": [
          16.9825933,
          54.4483937
        ]
      },
      "id": "node/6438719920"
    },
    {
      "type": "Feature",
      "properties": {
        "@id": "node/6438719921",
        "bench": "yes",
        "bus": "yes",
        "departures_board": "timetable",
        "highway": "bus_stop",
        "name": "Kobylnica - Kosynierów 01",
        "public_transport": "platform",
        "ref": "7301",
        "shelter": "yes",
        "tactile_paving": "yes"
      },
      "geometry": {
        "type": "Point",
        "coordinates": [
          16.9830982,
          54.4489243
        ]
      },
      "id": "node/6438719921"
    },
    {
      "type": "Feature",
      "properties": {
        "@id": "node/6438719922",
        "bus": "yes",
        "departures_board": "timetable",
        "highway": "bus_stop",
        "name": "Kobylnica - cmentarz N/Ż 01",
        "public_transport": "platform",
        "ref": "7191",
        "shelter": "no",
        "tactile_paving": "no"
      },
      "geometry": {
        "type": "Point",
        "coordinates": [
          16.9887176,
          54.4419651
        ]
      },
      "id": "node/6438719922"
    },
    {
      "type": "Feature",
      "properties": {
        "@id": "node/6438719923",
        "bench": "no",
        "bus": "yes",
        "departures_board": "timetable",
        "highway": "bus_stop",
        "name": "Kobylnica - cmentarz N/Ż 02",
        "public_transport": "platform",
        "ref": "7192",
        "shelter": "no",
        "tactile_paving": "no"
      },
      "geometry": {
        "type": "Point",
        "coordinates": [
          16.9865923,
          54.443131
        ]
      },
      "id": "node/6438719923"
    },
    {
      "type": "Feature",
      "properties": {
        "@id": "node/6438719924",
        "bus": "yes",
        "highway": "bus_stop",
        "name": "MZK Słupsk",
        "public_transport": "platform"
      },
      "geometry": {
        "type": "Point",
        "coordinates": [
          16.9934744,
          54.447899
        ]
      },
      "id": "node/6438719924"
    },
    {
      "type": "Feature",
      "properties": {
        "@id": "node/6438719925",
        "alt_name": "Szczecińska - Real",
        "bench": "yes",
        "bin": "yes",
        "bus": "yes",
        "covered": "no",
        "departures_board": "timetable",
        "highway": "bus_stop",
        "lit": "no",
        "name": "Kobylnica - Auchan 01",
        "network": "ZIM Słupsk;PKS Słupsk;Nord Express",
        "operator": "PKS Słupsk, Nord Express",
        "public_transport": "platform",
        "ref": "7311",
        "ref:PKS": "14061",
        "shelter": "yes",
        "tactile_paving": "no"
      },
      "geometry": {
        "type": "Point",
        "coordinates": [
          16.9732289,
          54.4527148
        ]
      },
      "id": "node/6438719925"
    },
    {
      "type": "Feature",
      "properties": {
        "@id": "node/6438719926",
        "alt_name": "Szczecińska - Real",
        "bench": "yes",
        "bin": "yes",
        "bus": "yes",
        "covered": "no",
        "departures_board": "timetable",
        "highway": "bus_stop",
        "lit": "yes",
        "name": "Kobylnica - Auchan 02",
        "network": "ZIM Słupsk;PKS Słupsk;Nord Express",
        "operator": "PKS SŁupsk;Nord Express",
        "public_transport": "platform",
        "ref": "7322",
        "ref:PKS": "14062",
        "shelter": "yes",
        "tactile_paving": "no"
      },
      "geometry": {
        "type": "Point",
        "coordinates": [
          16.9717552,
          54.4521836
        ]
      },
      "id": "node/6438719926"
    },
    {
      "type": "Feature",
      "properties": {
        "@id": "node/6439046232",
        "bench": "yes",
        "bus": "yes",
        "highway": "bus_stop",
        "name": "3 Maja - Działki 01",
        "network": "ZIM Słupsk",
        "operator": "ZIM Słupsk",
        "public_transport": "platform",
        "ref": "2011",
        "shelter": "yes"
      },
      "geometry": {
        "type": "Point",
        "coordinates": [
          16.9745453,
          54.4778775
        ]
      },
      "id": "node/6439046232"
    },
    {
      "type": "Feature",
      "properties": {
        "@id": "node/6439316862",
        "bench": "no",
        "bin": "no",
        "bus": "yes",
        "departures_board": "timetable",
        "highway": "bus_stop",
        "name": "Rybacka 01",
        "network": "ZIM Słupsk",
        "operator": "ZIM Słupsk",
        "public_transport": "platform",
        "ref": "6351",
        "shelter": "no",
        "tactile_paving": "no"
      },
      "geometry": {
        "type": "Point",
        "coordinates": [
          17.0304703,
          54.4563708
        ]
      },
      "id": "node/6439316862"
    },
    {
      "type": "Feature",
      "properties": {
        "@id": "node/6439316863",
        "bench": "no",
        "bin": "no",
        "bus": "yes",
        "departures_board": "timetable",
        "highway": "bus_stop",
        "name": "Kusowo - osiedle N/Ż 01",
        "public_transport": "platform",
        "ref": "8271",
        "shelter": "no"
      },
      "geometry": {
        "type": "Point",
        "coordinates": [
          17.0909608,
          54.4343593
        ]
      },
      "id": "node/6439316863"
    },
    {
      "type": "Feature",
      "properties": {
        "@id": "node/6439828270",
        "bus": "yes",
        "highway": "bus_stop",
        "name": "Szafranka 02",
        "network": "ZIM Słupsk",
        "operator": "ZIM Słupsk",
        "public_transport": "platform",
        "ref": "5222"
      },
      "geometry": {
        "type": "Point",
        "coordinates": [
          17.0668755,
          54.4556189
        ]
      },
      "id": "node/6439828270"
    },
    {
      "type": "Feature",
      "properties": {
        "@id": "node/6440309202",
        "bench": "yes",
        "bin": "no",
        "bus": "yes",
        "departures_board": "timetable",
        "highway": "bus_stop",
        "name": "Zielona N/Ż 02",
        "network": "ZIM Słupsk",
        "operator": "ZIM Słupsk",
        "public_transport": "platform",
        "ref": "6292",
        "shelter": "no",
        "tactile_paving": "no"
      },
      "geometry": {
        "type": "Point",
        "coordinates": [
          17.0265071,
          54.4539439
        ]
      },
      "id": "node/6440309202"
    },
    {
      "type": "Feature",
      "properties": {
        "@id": "node/6440309203",
        "bench": "no",
        "bin": "yes",
        "bus": "yes",
        "departures_board": "timetable",
        "highway": "bus_stop",
        "name": "Szymanowskiego 01",
        "network": "ZIM Słupsk",
        "operator": "ZIM Słupsk",
        "public_transport": "platform",
        "ref": "6341",
        "shelter": "no"
      },
      "geometry": {
        "type": "Point",
        "coordinates": [
          17.028252,
          54.457986
        ]
      },
      "id": "node/6440309203"
    },
    {
      "type": "Feature",
      "properties": {
        "@id": "node/6445650359",
        "bus": "yes",
        "highway": "bus_stop",
        "name": "Słupski Inkubator Technologiczny 01/02",
        "network": "ZIM Słupsk",
        "operator": "ZIM Słupsk",
        "public_transport": "platform",
        "ref": "3161/3162",
        "shelter": "no"
      },
      "geometry": {
        "type": "Point",
        "coordinates": [
          17.0161717,
          54.484456
        ]
      },
      "id": "node/6445650359"
    },
    {
      "type": "Feature",
      "properties": {
        "@id": "node/6653645770",
        "bench": "yes",
        "bus": "yes",
        "departures_board": "timetable",
        "highway": "bus_stop",
        "lit": "no",
        "name": "Sobieskiego - 3 Maja N/Ż 02",
        "network": "ZIM Słupsk",
        "operator": "ZIM Słupsk",
        "public_transport": "platform",
        "ref": "2162",
        "shelter": "no",
        "tactile_paving": "no"
      },
      "geometry": {
        "type": "Point",
        "coordinates": [
          17.0131757,
          54.4746696
        ]
      },
      "id": "node/6653645770"
    },
    {
      "type": "Feature",
      "properties": {
        "@id": "node/6653645771",
        "bench": "yes",
        "bus": "yes",
        "departures_board": "timetable",
        "highway": "bus_stop",
        "lit": "no",
        "name": "Sobieskiego - 3 Maja N/Ż 03",
        "network": "ZIM Słupsk",
        "operator": "ZIM Słupsk",
        "public_transport": "platform",
        "ref": "2163",
        "shelter": "no",
        "tactile_paving": "no"
      },
      "geometry": {
        "type": "Point",
        "coordinates": [
          17.0129612,
          54.4741468
        ]
      },
      "id": "node/6653645771"
    },
    {
      "type": "Feature",
      "properties": {
        "@id": "node/6653645772",
        "bench": "no",
        "bus": "yes",
        "departures_board": "timetable",
        "highway": "bus_stop",
        "lit": "no",
        "name": "Grunwaldzka N/Ż 02",
        "network": "ZIM Słupsk",
        "operator": "ZIM Słupsk",
        "public_transport": "platform",
        "ref": "2232",
        "shelter": "no",
        "tactile_paving": "yes"
      },
      "geometry": {
        "type": "Point",
        "coordinates": [
          17.0136349,
          54.4780144
        ]
      },
      "id": "node/6653645772"
    },
    {
      "type": "Feature",
      "properties": {
        "@id": "node/6653690479",
        "bench": "yes",
        "bin": "yes",
        "bus": "yes",
        "departures_board": "timetable",
        "highway": "bus_stop",
        "lit": "yes",
        "name": "Park Wodny 01",
        "network": "ZIM Słupsk",
        "operator": "ZIM Słupsk",
        "public_transport": "platform",
        "ref": "2381",
        "shelter": "yes",
        "tactile_paving": "no"
      },
      "geometry": {
        "type": "Point",
        "coordinates": [
          17.0104811,
          54.4810667
        ]
      },
      "id": "node/6653690479"
    },
    {
      "type": "Feature",
      "properties": {
        "@id": "node/7903396222",
        "bench": "no",
        "bin": "yes",
        "bus": "yes",
        "departures_board": "timetable",
        "highway": "bus_stop",
        "name": "Słowackiego 01",
        "network": "ZIM Słupsk",
        "operator": "ZIM Słupsk",
        "public_transport": "platform",
        "ref": "6371",
        "shelter": "no"
      },
      "geometry": {
        "type": "Point",
        "coordinates": [
          17.0331379,
          54.4601208
        ]
      },
      "id": "node/7903396222"
    },
    {
      "type": "Feature",
      "properties": {
        "@id": "node/7903396225",
        "bench": "no",
        "bus": "yes",
        "departures_board": "timetable",
        "highway": "bus_stop",
        "name": "Dywizjonu 303 02",
        "network": "ZIM Słupsk",
        "operator": "ZIM Słupsk",
        "public_transport": "platform",
        "ref": "1192",
        "shelter": "no",
        "tactile_paving": "yes"
      },
      "geometry": {
        "type": "Point",
        "coordinates": [
          16.9823774,
          54.4631178
        ]
      },
      "id": "node/7903396225"
    },
    {
      "type": "Feature",
      "properties": {
        "@id": "node/7903396227",
        "bench": "yes",
        "bin": "yes",
        "bus": "yes",
        "departures_board": "yes",
        "highway": "bus_stop",
        "lit": "yes",
        "name": "Legionów Polskich 01",
        "network": "ZIM Słupsk",
        "operator": "ZIM Słupsk",
        "public_transport": "platform",
        "ref": "1061",
        "shelter": "yes",
        "tactile_paving": "yes"
      },
      "geometry": {
        "type": "Point",
        "coordinates": [
          16.9838022,
          54.4662325
        ]
      },
      "id": "node/7903396227"
    },
    {
      "type": "Feature",
      "properties": {
        "@id": "node/7929230662",
        "bench": "no",
        "bus": "yes",
        "departures_board": "timetable",
        "highway": "bus_stop",
        "name": "11 Listopada 04",
        "network": "ZIM Słupsk",
        "operator": "ZIM Słupsk",
        "public_transport": "platform",
        "ref": "1024",
        "shelter": "no",
        "tactile_paving": "no"
      },
      "geometry": {
        "type": "Point",
        "coordinates": [
          16.9895068,
          54.4666946
        ]
      },
      "id": "node/7929230662"
    },
    {
      "type": "Feature",
      "properties": {
        "@id": "node/7929230663",
        "bench": "no",
        "bin": "no",
        "bus": "yes",
        "departures_board": "timetable",
        "highway": "bus_stop",
        "lit": "no",
        "name": "Andersa 03",
        "network": "ZIM Słupsk",
        "operator": "ZIM Słupsk",
        "public_transport": "platform",
        "ref": "1043",
        "shelter": "no",
        "tactile_paving": "no"
      },
      "geometry": {
        "type": "Point",
        "coordinates": [
          16.9817763,
          54.4599828
        ]
      },
      "id": "node/7929230663"
    },
    {
      "type": "Feature",
      "properties": {
        "@id": "node/8398110729",
        "bench": "no",
        "bus": "yes",
        "departures_board": "timetable",
        "highway": "bus_stop",
        "lit": "no",
        "name": "Os. Batorego 03",
        "network": "ZIM Słupsk",
        "operator": "ZIM Słupsk",
        "public_transport": "platform",
        "ref": "2093",
        "shelter": "no",
        "tactile_paving": "no"
      },
      "geometry": {
        "type": "Point",
        "coordinates": [
          17.0040545,
          54.4787397
        ]
      },
      "id": "node/8398110729"
    },
    {
      "type": "Feature",
      "properties": {
        "@id": "node/8573222324",
        "bench": "yes",
        "bin": "yes",
        "bus": "yes",
        "departures_board": "timetable",
        "highway": "bus_stop",
        "lit": "yes",
        "name": "Szpital 01",
        "name:signed": "no",
        "network": "MZK Słupsk",
        "operator": "ZIM Słupsk",
        "public_transport": "platform",
        "ref": "5201",
        "shelter": "no",
        "tactile_paving": "no"
      },
      "geometry": {
        "type": "Point",
        "coordinates": [
          17.0615452,
          54.4522386
        ]
      },
      "id": "node/8573222324"
    },
    {
      "type": "Feature",
      "properties": {
        "@id": "node/9520249182",
        "bus": "yes",
        "highway": "bus_stop",
        "name": "Głobino, Szkoła",
        "public_transport": "platform",
        "ref": "16251",
        "shelter": "yes"
      },
      "geometry": {
        "type": "Point",
        "coordinates": [
          17.1035096,
          54.439892
        ]
      },
      "id": "node/9520249182"
    },
    {
      "type": "Feature",
      "properties": {
        "@id": "node/10179229137",
        "bus": "yes",
        "departures_board": "timetable",
        "highway": "bus_stop",
        "operator": "Milarex",
        "public_transport": "platform",
        "shelter": "no"
      },
      "geometry": {
        "type": "Point",
        "coordinates": [
          17.0051734,
          54.4909602
        ]
      },
      "id": "node/10179229137"
    },
    {
      "type": "Feature",
      "properties": {
        "@id": "node/10211623460",
        "bus": "yes",
        "departures_board": "timetable",
        "highway": "bus_stop",
        "operator": "Milarex",
        "public_transport": "platform",
        "shelter": "no"
      },
      "geometry": {
        "type": "Point",
        "coordinates": [
          17.0052048,
          54.4910444
        ]
      },
      "id": "node/10211623460"
    },
    {
      "type": "Feature",
      "properties": {
        "@id": "node/10211623461",
        "bus": "yes",
        "departures_board": "timetable",
        "highway": "bus_stop",
        "operator": "Milarex",
        "public_transport": "platform",
        "shelter": "no"
      },
      "geometry": {
        "type": "Point",
        "coordinates": [
          17.005225,
          54.4911199
        ]
      },
      "id": "node/10211623461"
    },
    {
      "type": "Feature",
      "properties": {
        "@id": "node/10211623462",
        "bus": "yes",
        "departures_board": "timetable",
        "highway": "bus_stop",
        "operator": "Milarex",
        "public_transport": "platform",
        "shelter": "no"
      },
      "geometry": {
        "type": "Point",
        "coordinates": [
          17.0052585,
          54.4912041
        ]
      },
      "id": "node/10211623462"
    },
    {
      "type": "Feature",
      "properties": {
        "@id": "node/10211623463",
        "bus": "yes",
        "departures_board": "timetable",
        "highway": "bus_stop",
        "operator": "Milarex",
        "public_transport": "platform",
        "shelter": "no"
      },
      "geometry": {
        "type": "Point",
        "coordinates": [
          17.0051472,
          54.4908808
        ]
      },
      "id": "node/10211623463"
    },
    {
      "type": "Feature",
      "properties": {
        "@id": "node/10709754498",
        "bus": "yes",
        "departures_board": "timetable",
        "highway": "bus_stop",
        "name": "Os. Zachód 02",
        "network": "ZIM Słupsk",
        "operator": "ZIM Słupsk",
        "public_transport": "platform",
        "ref": "1252"
      },
      "geometry": {
        "type": "Point",
        "coordinates": [
          16.9779482,
          54.4695377
        ]
      },
      "id": "node/10709754498"
    },
    {
      "type": "Feature",
      "properties": {
        "@id": "node/10709754499",
        "bus": "yes",
        "departures_board": "timetable",
        "highway": "bus_stop",
        "name": "Legionów Polskich 03",
        "network": "ZIM Słupsk",
        "operator": "ZIM Słupsk",
        "public_transport": "platform",
        "ref": "1063"
      },
      "geometry": {
        "type": "Point",
        "coordinates": [
          16.982208,
          54.4681656
        ]
      },
      "id": "node/10709754499"
    },
    {
      "type": "Feature",
      "properties": {
        "@id": "node/10719009137",
        "bus": "yes",
        "departures_board": "timetable",
        "highway": "bus_stop",
        "name": "Kościuszki 02",
        "network": "ZIM Słupsk",
        "operator": "ZIM Słupsk",
        "public_transport": "platform",
        "ref": "6302"
      },
      "geometry": {
        "type": "Point",
        "coordinates": [
          17.0326694,
          54.4727164
        ]
      },
      "id": "node/10719009137"
    },
    {
      "type": "Feature",
      "properties": {
        "@id": "node/10719009138",
        "bus": "yes",
        "departures_board": "timetable",
        "highway": "bus_stop",
        "name": "Kościuszki 01",
        "network": "ZIM Słupsk",
        "operator": "ZIM Słupsk",
        "public_transport": "platform",
        "ref": "6301"
      },
      "geometry": {
        "type": "Point",
        "coordinates": [
          17.035158,
          54.4726893
        ]
      },
      "id": "node/10719009138"
    },
    {
      "type": "Feature",
      "properties": {
        "@id": "node/10719117516",
        "bus": "yes",
        "highway": "bus_stop",
        "name": "Kaszubska - cmentarz",
        "public_transport": "platform"
      },
      "geometry": {
        "type": "Point",
        "coordinates": [
          17.0381967,
          54.4732441
        ]
      },
      "id": "node/10719117516"
    },
    {
      "type": "Feature",
      "properties": {
        "@id": "node/10719534277",
        "bench": "yes",
        "bin": "yes",
        "bus": "yes",
        "highway": "bus_stop",
        "operator": "ZIM Słupsk",
        "public_transport": "platform",
        "shelter": "no"
      },
      "geometry": {
        "type": "Point",
        "coordinates": [
          16.9971517,
          54.4661532
        ]
      },
      "id": "node/10719534277"
    },
    {
      "type": "Feature",
      "properties": {
        "@id": "node/10719538809",
        "bench": "no",
        "bin": "no",
        "bus": "yes",
        "departures_board": "timetable",
        "highway": "bus_stop",
        "lit": "no",
        "name": "Małcużyńskiego 02",
        "network": "ZIM Słupsk",
        "operator": "ZIM Słupsk",
        "public_transport": "platform",
        "ref": "1162",
        "shelter": "no",
        "tactile_paving": "no"
      },
      "geometry": {
        "type": "Point",
        "coordinates": [
          17.0012846,
          54.4636927
        ]
      },
      "id": "node/10719538809"
    },
    {
      "type": "Feature",
      "properties": {
        "@id": "node/10726230013",
        "bus": "yes",
        "departures_board": "timetable",
        "highway": "bus_stop",
        "name": "Stadion 650-lecia 01",
        "network": "ZIM Słupsk",
        "operator": "ZIM Słupsk",
        "public_transport": "platform",
        "ref": "4151",
        "shelter": "no"
      },
      "geometry": {
        "type": "Point",
        "coordinates": [
          17.0423876,
          54.4734986
        ]
      },
      "id": "node/10726230013"
    },
    {
      "type": "Feature",
      "properties": {
        "@id": "node/10726230014",
        "bus": "yes",
        "departures_board": "timetable",
        "highway": "bus_stop",
        "name": "Stadion 650-lecia 02",
        "network": "ZIM Słupsk",
        "operator": "ZIM Słupsk",
        "public_transport": "platform",
        "ref": "4152"
      },
      "geometry": {
        "type": "Point",
        "coordinates": [
          17.0413895,
          54.4738173
        ]
      },
      "id": "node/10726230014"
    },
    {
      "type": "Feature",
      "properties": {
        "@id": "node/10728064428",
        "bench": "yes",
        "bus": "yes",
        "departures_board": "timetable",
        "highway": "bus_stop",
        "name": "Os. Przy Lesie 01",
        "network": "ZIM Słupsk",
        "operator": "ZIM Słupsk",
        "public_transport": "platform",
        "ref": "4141"
      },
      "geometry": {
        "type": "Point",
        "coordinates": [
          17.0524734,
          54.4739862
        ]
      },
      "id": "node/10728064428"
    },
    {
      "type": "Feature",
      "properties": {
        "@id": "node/10728064429",
        "bench": "yes",
        "bus": "yes",
        "departures_board": "timetable",
        "highway": "bus_stop",
        "name": "Os. Przy Lesie 02",
        "network": "ZIM Słupsk",
        "operator": "ZIM Słupsk",
        "public_transport": "platform",
        "ref": "4142"
      },
      "geometry": {
        "type": "Point",
        "coordinates": [
          17.0527345,
          54.474083
        ]
      },
      "id": "node/10728064429"
    },
    {
      "type": "Feature",
      "properties": {
        "@id": "node/10728064430",
        "bench": "yes",
        "bus": "yes",
        "departures_board": "timetable",
        "highway": "bus_stop",
        "name": "Lawendowa 02",
        "network": "ZIM Słupsk",
        "operator": "ZIM Słupsk",
        "public_transport": "platform",
        "ref": "4132"
      },
      "geometry": {
        "type": "Point",
        "coordinates": [
          17.0566012,
          54.4711704
        ]
      },
      "id": "node/10728064430"
    },
    {
      "type": "Feature",
      "properties": {
        "@id": "node/10728064431",
        "bench": "yes",
        "bus": "yes",
        "departures_board": "timetable",
        "highway": "bus_stop",
        "name": "Lawendowa 01",
        "network": "ZIM Słupsk",
        "operator": "ZIM Słupsk",
        "public_transport": "platform",
        "ref": "4131",
        "shelter": "yes"
      },
      "geometry": {
        "type": "Point",
        "coordinates": [
          17.0574996,
          54.4701475
        ]
      },
      "id": "node/10728064431"
    },
    {
      "type": "Feature",
      "properties": {
        "@id": "node/11167721020",
        "bench": "yes",
        "bin": "yes",
        "bus": "yes",
        "highway": "bus_stop",
        "name": "Włynkówko, skrzyżowanie",
        "public_transport": "platform",
        "shelter": "yes"
      },
      "geometry": {
        "type": "Point",
        "coordinates": [
          16.9964089,
          54.5065725
        ]
      },
      "id": "node/11167721020"
    },
    {
      "type": "Feature",
      "properties": {
        "@id": "node/11205952414",
        "bench": "yes",
        "bus": "yes",
        "departures_board": "timetable",
        "highway": "bus_stop",
        "name": "Legionów Polskich 02",
        "network": "ZIM Słupsk",
        "operator": "ZIM Słupsk",
        "public_transport": "platform",
        "ref": "1062",
        "shelter": "no"
      },
      "geometry": {
        "type": "Point",
        "coordinates": [
          16.9851798,
          54.4676084
        ]
      },
      "id": "node/11205952414"
    },
    {
      "type": "Feature",
      "properties": {
        "@id": "node/11217729876",
        "bench": "no",
        "bin": "no",
        "bus": "yes",
        "departures_board": "timetable",
        "highway": "bus_stop",
        "lit": "no",
        "name": "Kiepury 02",
        "network": "ZIM Słupsk",
        "operator": "ZIM Słupsk",
        "public_transport": "platform",
        "ref": "1212",
        "shelter": "no"
      },
      "geometry": {
        "type": "Point",
        "coordinates": [
          16.9850085,
          54.4698381
        ]
      },
      "id": "node/11217729876"
    },
    {
      "type": "Feature",
      "properties": {
        "@id": "node/11217729880",
        "bench": "yes",
        "bin": "yes",
        "bus": "yes",
        "departures_board": "timetable",
        "highway": "bus_stop",
        "lit": "yes",
        "name": "Kiepury 01",
        "network": "ZIM Słupsk",
        "operator": "ZIM Słupsk",
        "public_transport": "platform",
        "ref": "1211",
        "shelter": "yes"
      },
      "geometry": {
        "type": "Point",
        "coordinates": [
          16.9853059,
          54.4702462
        ]
      },
      "id": "node/11217729880"
    },
    {
      "type": "Feature",
      "properties": {
        "@id": "node/11330694696",
        "bus": "yes",
        "departures_board": "timetable",
        "highway": "bus_stop",
        "name": "Stary Cmentarz 03",
        "network": "ZIM Słupsk",
        "operator": "ZiM Słupsk",
        "public_transport": "platform",
        "ref": "6063"
      },
      "geometry": {
        "type": "Point",
        "coordinates": [
          17.039815,
          54.4697123
        ]
      },
      "id": "node/11330694696"
    },
    {
      "type": "Feature",
      "properties": {
        "@id": "node/11330717889",
        "bus": "yes",
        "departures_board": "timetable",
        "highway": "bus_stop",
        "name": "Stary Cmentarz 04",
        "network": "ZIM Słupsk",
        "operator": "ZIM Słupsk",
        "public_transport": "platform",
        "ref": "6064",
        "shelter": "no"
      },
      "geometry": {
        "type": "Point",
        "coordinates": [
          17.0398461,
          54.4698236
        ]
      },
      "id": "node/11330717889"
    },
    {
      "type": "Feature",
      "properties": {
        "@id": "node/11406451192",
        "bus": "yes",
        "departures_board": "timetable",
        "highway": "bus_stop",
        "name": "Dywizjonu 303 01",
        "network": "ZIM Słupsk",
        "operator": "ZIM Słupsk",
        "public_transport": "platform",
        "ref": "1191"
      },
      "geometry": {
        "type": "Point",
        "coordinates": [
          16.9827767,
          54.4636374
        ]
      },
      "id": "node/11406451192"
    },
    {
      "type": "Feature",
      "properties": {
        "@id": "node/11476793987",
        "bench": "yes",
        "bin": "yes",
        "bus": "yes",
        "departures_board": "realtime",
        "highway": "bus_stop",
        "name": "Słupsk, Dworzec Autobusowy - Stanowisko 11",
        "network": "ZIM Słupsk",
        "operator": "ZIM Słupsk",
        "public_transport": "platform",
        "ref": "2502",
        "shelter": "yes"
      },
      "geometry": {
        "type": "Point",
        "coordinates": [
          17.0155555,
          54.4674905
        ]
      },
      "id": "node/11476793987"
    },
    {
      "type": "Feature",
      "properties": {
        "@id": "node/11499845252",
        "bench": "yes",
        "bin": "yes",
        "bus": "yes",
        "departures_board": "no",
        "highway": "bus_stop",
        "operator": "ZIM Słupsk",
        "public_transport": "platform",
        "shelter": "no"
      },
      "geometry": {
        "type": "Point",
        "coordinates": [
          16.9916553,
          54.4662933
        ]
      },
      "id": "node/11499845252"
    },
    {
      "type": "Feature",
      "properties": {
        "@id": "node/11500024500",
        "bench": "no",
        "bin": "yes",
        "bus": "yes",
        "departures_board": "no",
        "highway": "bus_stop",
        "lit": "yes",
        "operator": "ZIM Słupsk",
        "public_transport": "platform",
        "shelter": "no"
      },
      "geometry": {
        "type": "Point",
        "coordinates": [
          16.9937469,
          54.4574611
        ]
      },
      "id": "node/11500024500"
    },
    {
      "type": "Feature",
      "properties": {
        "@id": "node/11580611372",
        "bus": "yes",
        "highway": "bus_stop",
        "name": "Słupsk, Dworzec Autobusowy",
        "network": "PKS Słupsk, PKS Bytów, PKS Koszalin, Nord Express, FLIXBUS, SINDBAD, Pol-Trans, GOCHY",
        "operator": "ZIM Słupsk",
        "public_transport": "platform",
        "shelter": "no"
      },
      "geometry": {
        "type": "Point",
        "coordinates": [
          17.0153911,
          54.4664205
        ]
      },
      "id": "node/11580611372"
    },
    {
      "type": "Feature",
      "properties": {
        "@id": "node/11607655876",
        "bus": "yes",
        "departures_board": "timetable",
        "highway": "bus_stop",
        "name": "Os. Zachód 01",
        "network": "ZIM Słupsk",
        "operator": "ZIM Słupsk",
        "public_transport": "platform",
        "ref": "1251"
      },
      "geometry": {
        "type": "Point",
        "coordinates": [
          16.9777125,
          54.4693677
        ]
      },
      "id": "node/11607655876"
    },
    {
      "type": "Feature",
      "properties": {
        "@id": "node/11608838728",
        "bench": "no",
        "bin": "no",
        "bus": "yes",
        "departures_board": "timetable",
        "highway": "bus_stop",
        "lit": "no",
        "name": "Urząd Skarbowy",
        "operator": "ZIM Słupsk",
        "public_transport": "platform",
        "ref": "10492",
        "shelter": "no",
        "tactile_paving": "no"
      },
      "geometry": {
        "type": "Point",
        "coordinates": [
          16.9885053,
          54.4563765
        ]
      },
      "id": "node/11608838728"
    },
    {
      "type": "Feature",
      "properties": {
        "@id": "node/11639170406",
        "bus": "yes",
        "departures_board": "timetable",
        "highway": "bus_stop",
        "name": "11 Listopada 03",
        "network": "ZIM Słupsk",
        "operator": "ZIM Słupsk",
        "public_transport": "platform",
        "ref": "1023",
        "shelter": "no"
      },
      "geometry": {
        "type": "Point",
        "coordinates": [
          16.9894154,
          54.4658755
        ]
      },
      "id": "node/11639170406"
    },
    {
      "type": "Feature",
      "properties": {
        "@id": "node/11694908247",
        "bus": "yes",
        "highway": "bus_stop",
        "name": "Jezierzyce I",
        "public_transport": "platform"
      },
      "geometry": {
        "type": "Point",
        "coordinates": [
          17.0896332,
          54.5040144
        ]
      },
      "id": "node/11694908247"
    },
    {
      "type": "Feature",
      "properties": {
        "@id": "node/11694908248",
        "bus": "yes",
        "highway": "bus_stop",
        "name": "Jezierzyce I",
        "public_transport": "platform"
      },
      "geometry": {
        "type": "Point",
        "coordinates": [
          17.0893796,
          54.5040255
        ]
      },
      "id": "node/11694908248"
    },
    {
      "type": "Feature",
      "properties": {
        "@id": "node/11839178297",
        "bench": "no",
        "bin": "yes",
        "bus": "yes",
        "departures_board": "timetable",
        "highway": "bus_stop",
        "name": "Lutosławskiego 03",
        "network": "ZIM Słupsk",
        "operator": "ZIM Słupsk",
        "public_transport": "platform",
        "ref": "6123",
        "shelter": "no"
      },
      "geometry": {
        "type": "Point",
        "coordinates": [
          17.0300096,
          54.4594153
        ]
      },
      "id": "node/11839178297"
    },
    {
      "type": "Feature",
      "properties": {
        "@id": "node/11839178303",
        "bench": "yes",
        "bin": "yes",
        "bus": "yes",
        "departures_board": "timetable",
        "highway": "bus_stop",
        "name": "Park Kultury i Wypoczynku 01",
        "network": "ZIM Słupsk",
        "operator": "ZIM Słupsk",
        "public_transport": "platform",
        "ref": "6361",
        "shelter": "yes"
      },
      "geometry": {
        "type": "Point",
        "coordinates": [
          17.0325877,
          54.457985
        ]
      },
      "id": "node/11839178303"
    },
    {
      "type": "Feature",
      "properties": {
        "@id": "node/11906480709",
        "bench": "no",
        "bin": "no",
        "bus": "yes",
        "departures_board": "timetable",
        "highway": "bus_stop",
        "name": "Przemysłowa - Pomorska 03",
        "network": "ZIM Słupsk",
        "operator": "ZIM Słupsk",
        "public_transport": "platform",
        "ref": "6173",
        "shelter": "no"
      },
      "geometry": {
        "type": "Point",
        "coordinates": [
          17.0163454,
          54.4585039
        ]
      },
      "id": "node/11906480709"
    },
    {
      "type": "Feature",
      "properties": {
        "@id": "node/11906480711",
        "bench": "no",
        "bin": "no",
        "bus": "yes",
        "departures_board": "timetable",
        "highway": "bus_stop",
        "name": "Plac Dąbrowskiego 04",
        "network": "ZIM Słupsk",
        "note": "Tymczasowy przystanek",
        "operator": "ZIM Słupsk",
        "public_transport": "platform",
        "ref": "6204",
        "shelter": "no"
      },
      "geometry": {
        "type": "Point",
        "coordinates": [
          17.020673,
          54.4635637
        ]
      },
      "id": "node/11906480711"
    },
    {
      "type": "Feature",
      "properties": {
        "@id": "node/11906538925",
        "bench": "yes",
        "bus": "yes",
        "departures_board": "timetable",
        "highway": "bus_stop",
        "name": "Kobylnica 03",
        "public_transport": "platform",
        "ref": "7123",
        "shelter": "yes",
        "tactile_paving": "no"
      },
      "geometry": {
        "type": "Point",
        "coordinates": [
          16.9965252,
          54.439037
        ]
      },
      "id": "node/11906538925"
    },
    {
      "type": "Feature",
      "properties": {
        "@id": "node/11906860015",
        "bus": "yes",
        "departures_board": "timetable",
        "highway": "bus_stop",
        "name": "Kilińskiego - Wandy 02",
        "network": "ZIM Słupsk",
        "operator": "ZIM Słupsk",
        "public_transport": "platform",
        "ref": "6402",
        "shelter": "no"
      },
      "geometry": {
        "type": "Point",
        "coordinates": [
          17.0307651,
          54.4698479
        ]
      },
      "id": "node/11906860015"
    },
    {
      "type": "Feature",
      "properties": {
        "@id": "node/11906860017",
        "bus": "yes",
        "departures_board": "timetable",
        "highway": "bus_stop",
        "name": "Kilińskiego - Wandy 01",
        "network": "ZIM Słupsk",
        "operator": "ZIM Słupsk",
        "public_transport": "platform",
        "ref": "6401",
        "shelter": "no"
      },
      "geometry": {
        "type": "Point",
        "coordinates": [
          17.0306615,
          54.469693
        ]
      },
      "id": "node/11906860017"
    },
    {
      "type": "Feature",
      "properties": {
        "@id": "node/11907051188",
        "bench": "yes",
        "bin": "yes",
        "bus": "yes",
        "departures_board": "timetable",
        "highway": "bus_stop",
        "name": "Parkowa 02",
        "network": "ZIM Słupsk",
        "operator": "ZIM Słupsk",
        "public_transport": "platform",
        "ref": "5172",
        "shelter": "yes"
      },
      "geometry": {
        "type": "Point",
        "coordinates": [
          17.0500979,
          54.4527974
        ]
      },
      "id": "node/11907051188"
    },
    {
      "type": "Feature",
      "properties": {
        "@id": "node/11907051189",
        "bench": "yes",
        "bin": "yes",
        "bus": "yes",
        "departures_board": "timetable",
        "highway": "bus_stop",
        "name": "Gdyńska - Dom Opieki 02",
        "network": "ZIM Słupsk",
        "operator": "ZIM Słupsk",
        "public_transport": "platform",
        "ref": "5182",
        "shelter": "yes"
      },
      "geometry": {
        "type": "Point",
        "coordinates": [
          17.0495117,
          54.4496322
        ]
      },
      "id": "node/11907051189"
    },
    {
      "type": "Feature",
      "properties": {
        "@id": "node/11907051190",
        "bench": "no",
        "bin": "yes",
        "bus": "yes",
        "departures_board": "timetable",
        "highway": "bus_stop",
        "name": "Gdyńska - Dom Opieki 01",
        "network": "ZIM Słupsk",
        "note": "Przystanek tymczasowo zawieszony.",
        "operator": "ZIM Słupsk",
        "public_transport": "platform",
        "ref": "5181",
        "shelter": "no"
      },
      "geometry": {
        "type": "Point",
        "coordinates": [
          17.049291,
          54.4490486
        ]
      },
      "id": "node/11907051190"
    },
    {
      "type": "Feature",
      "properties": {
        "@id": "node/11907051191",
        "bench": "yes",
        "bin": "yes",
        "bus": "yes",
        "departures_board": "timetable",
        "highway": "bus_stop",
        "name": "Gdyńska 02",
        "network": "ZIM Słupsk",
        "note": "Przystanek tymczasowo zawieszony.",
        "operator": "ZIM Słupsk",
        "public_transport": "platform",
        "ref": "5192",
        "shelter": "yes"
      },
      "geometry": {
        "type": "Point",
        "coordinates": [
          17.0511809,
          54.4460113
        ]
      },
      "id": "node/11907051191"
    },
    {
      "type": "Feature",
      "properties": {
        "@id": "node/11916542557",
        "bench": "no",
        "bin": "no",
        "bus": "yes",
        "departures_board": "timetable",
        "highway": "bus_stop",
        "name": "Plac Dąbrowskiego 03",
        "network": "ZIM Słupsk",
        "note": "Tymczasowy przystanek",
        "operator": "ZIM Słupsk",
        "public_transport": "platform",
        "ref": "6203",
        "shelter": "no"
      },
      "geometry": {
        "type": "Point",
        "coordinates": [
          17.0208329,
          54.4635029
        ]
      },
      "id": "node/11916542557"
    },
    {
      "type": "Feature",
      "properties": {
        "@id": "node/11927783241",
        "bench": "yes",
        "bin": "yes",
        "bus": "yes",
        "departures_board": "realtime",
        "highway": "bus_stop",
        "name": "Słupsk, Dworzec Autobusowy - Stanowisko 10",
        "network": "ZIM Słupsk",
        "operator": "ZIM Słupsk",
        "public_transport": "platform",
        "shelter": "yes"
      },
      "geometry": {
        "type": "Point",
        "coordinates": [
          17.0155407,
          54.4673717
        ]
      },
      "id": "node/11927783241"
    },
    {
      "type": "Feature",
      "properties": {
        "@id": "node/11927783242",
        "bench": "yes",
        "bin": "yes",
        "bus": "yes",
        "departures_board": "realtime",
        "highway": "bus_stop",
        "name": "Słupsk, Dworzec Autobusowy - Stanowisko 9",
        "operator": "ZIM Słupsk",
        "public_transport": "platform",
        "shelter": "yes"
      },
      "geometry": {
        "type": "Point",
        "coordinates": [
          17.0155277,
          54.4672588
        ]
      },
      "id": "node/11927783242"
    },
    {
      "type": "Feature",
      "properties": {
        "@id": "node/11927783243",
        "bench": "yes",
        "bin": "yes",
        "bus": "yes",
        "departures_board": "realtime",
        "highway": "bus_stop",
        "name": "Słupsk, Dworzec Autobusowy - Stanowisko 8",
        "network": "PKS Bytów",
        "operator": "ZIM Słupsk",
        "public_transport": "platform",
        "shelter": "yes"
      },
      "geometry": {
        "type": "Point",
        "coordinates": [
          17.0156924,
          54.4666295
        ]
      },
      "id": "node/11927783243"
    },
    {
      "type": "Feature",
      "properties": {
        "@id": "node/11927783244",
        "bench": "yes",
        "bin": "yes",
        "bus": "yes",
        "departures_board": "realtime",
        "highway": "bus_stop",
        "name": "Słupsk, Dworzec Autobusowy - Stanowisko 7",
        "network": "PKS Słupsk, Pol-Trans",
        "operator": "ZIM Słupsk",
        "public_transport": "platform",
        "shelter": "yes"
      },
      "geometry": {
        "type": "Point",
        "coordinates": [
          17.0157029,
          54.4667203
        ]
      },
      "id": "node/11927783244"
    },
    {
      "type": "Feature",
      "properties": {
        "@id": "node/11927783245",
        "bench": "yes",
        "bin": "yes",
        "bus": "yes",
        "departures_board": "realtime",
        "highway": "bus_stop",
        "name": "Słupsk, Dworzec Autobusowy - Stanowisko 6",
        "network": "PKS Słupsk, PKS Bytów, GOCHY",
        "operator": "ZIM Słupsk",
        "public_transport": "platform",
        "shelter": "yes"
      },
      "geometry": {
        "type": "Point",
        "coordinates": [
          17.0157112,
          54.4667923
        ]
      },
      "id": "node/11927783245"
    },
    {
      "type": "Feature",
      "properties": {
        "@id": "node/11927783246",
        "bench": "yes",
        "bin": "yes",
        "bus": "yes",
        "departures_board": "realtime",
        "highway": "bus_stop",
        "name": "Słupsk, Dworzec Autobusowy - Stanowisko 5",
        "network": "PKS Słupsk",
        "operator": "ZIM Słupsk",
        "public_transport": "platform",
        "shelter": "yes"
      },
      "geometry": {
        "type": "Point",
        "coordinates": [
          17.0157208,
          54.4668749
        ]
      },
      "id": "node/11927783246"
    },
    {
      "type": "Feature",
      "properties": {
        "@id": "node/11927783247",
        "bench": "yes",
        "bin": "yes",
        "bus": "yes",
        "departures_board": "realtime",
        "highway": "bus_stop",
        "name": "Słupsk, Dworzec Autobusowy - Stanowisko 4",
        "network": "Nord Express, PKS Słupsk",
        "operator": "ZIM Słupsk",
        "public_transport": "platform",
        "shelter": "yes"
      },
      "geometry": {
        "type": "Point",
        "coordinates": [
          17.0157293,
          54.466948
        ]
      },
      "id": "node/11927783247"
    },
    {
      "type": "Feature",
      "properties": {
        "@id": "node/11927783248",
        "bench": "yes",
        "bin": "yes",
        "bus": "yes",
        "departures_board": "realtime",
        "highway": "bus_stop",
        "name": "Słupsk, Dworzec Autobusowy - Stanowisko 3",
        "network": "Nord Express, SINDBAD",
        "operator": "ZIM Słupsk",
        "public_transport": "platform",
        "shelter": "yes"
      },
      "geometry": {
        "type": "Point",
        "coordinates": [
          17.0157373,
          54.4670176
        ]
      },
      "id": "node/11927783248"
    },
    {
      "type": "Feature",
      "properties": {
        "@id": "node/11927783249",
        "bench": "yes",
        "bin": "yes",
        "bus": "yes",
        "departures_board": "realtime",
        "highway": "bus_stop",
        "name": "Słupsk, Dworzec Autobusowy - Stanowisko 2",
        "network": "PKS Słupsk, PKS Koszalin, FLIXBUS",
        "operator": "ZIM Słupsk",
        "public_transport": "platform",
        "shelter": "yes"
      },
      "geometry": {
        "type": "Point",
        "coordinates": [
          17.0157457,
          54.46709
        ]
      },
      "id": "node/11927783249"
    },
    {
      "type": "Feature",
      "properties": {
        "@id": "node/11927783250",
        "bench": "yes",
        "bin": "yes",
        "bus": "yes",
        "departures_board": "realtime",
        "highway": "bus_stop",
        "name": "Słupsk, Dworzec Autobusowy - Stanowisko 1",
        "network": "PKS Słupsk",
        "operator": "ZIM Słupsk",
        "public_transport": "platform",
        "shelter": "yes"
      },
      "geometry": {
        "type": "Point",
        "coordinates": [
          17.0157537,
          54.4671594
        ]
      },
      "id": "node/11927783250"
    },
    {
      "type": "Feature",
      "properties": {
        "@id": "node/12162648061",
        "bus": "yes",
        "highway": "bus_stop",
        "name": "Włynkówko, szkoła",
        "public_transport": "platform"
      },
      "geometry": {
        "type": "Point",
        "coordinates": [
          17.0023558,
          54.5060561
        ]
      },
      "id": "node/12162648061"
    },
    {
      "type": "Feature",
      "properties": {
        "@id": "node/12162648063",
        "bus": "yes",
        "highway": "bus_stop",
        "name": "Włynkówko, szkoła",
        "public_transport": "platform"
      },
      "geometry": {
        "type": "Point",
        "coordinates": [
          17.0025894,
          54.5061141
        ]
      },
      "id": "node/12162648063"
    },
    {
      "type": "Feature",
      "properties": {
        "@id": "node/12252569429",
        "bus": "yes",
        "departures_board": "timetable",
        "highway": "bus_stop",
        "name": "Riedla 01",
        "network": "ZIM Słupsk",
        "operator": "ZIM Słupsk",
        "public_transport": "platform",
        "ref": "1261"
      },
      "geometry": {
        "type": "Point",
        "coordinates": [
          16.9791085,
          54.4729807
        ]
      },
      "id": "node/12252569429"
    },
    {
      "type": "Feature",
      "properties": {
        "@id": "node/12543489875",
        "bus": "yes",
        "highway": "bus_stop",
        "public_transport": "platform"
      },
      "geometry": {
        "type": "Point",
        "coordinates": [
          17.0373597,
          54.4435795
        ]
      },
      "id": "node/12543489875"
    },
    {
      "type": "Feature",
      "properties": {
        "@id": "node/12600588175",
        "bus": "yes",
        "departures_board": "timetable",
        "highway": "bus_stop",
        "name": "Księdza Brzóski",
        "network": "ZIM Słupsk",
        "note": "Przystanek tymczasowy.",
        "operator": "ZIM Słupsk",
        "public_transport": "platform",
        "shelter": "no"
      },
      "geometry": {
        "type": "Point",
        "coordinates": [
          17.0468149,
          54.4500375
        ]
      },
      "id": "node/12600588175"
    },
    {
      "type": "Feature",
      "properties": {
        "@id": "node/12600588177",
        "bus": "yes",
        "departures_board": "timetable",
        "highway": "bus_stop",
        "name": "Gdyńska - Dom Opieki 01",
        "network": "ZIM Słupsk",
        "note": "Przystanek tymczasowy.",
        "operator": "ZIM Słupsk",
        "public_transport": "platform",
        "ref": "5181",
        "shelter": "no"
      },
      "geometry": {
        "type": "Point",
        "coordinates": [
          17.0493675,
          54.4496095
        ]
      },
      "id": "node/12600588177"
    },
    {
      "type": "Feature",
      "properties": {
        "@id": "node/12600588179",
        "bus": "yes",
        "departures_board": "timetable",
        "highway": "bus_stop",
        "name": "Racławicka",
        "network": "ZIM Słupsk",
        "note": "Przystanek tymczasowy.",
        "operator": "ZIM Słupsk",
        "public_transport": "platform",
        "shelter": "no"
      },
      "geometry": {
        "type": "Point",
        "coordinates": [
          17.0466511,
          54.4541376
        ]
      },
      "id": "node/12600588179"
    },
    {
      "type": "Feature",
      "properties": {
        "@id": "node/13103699126",
        "bus": "yes",
        "highway": "bus_stop",
        "name": "Norweska",
        "network": "ZIM Słupsk",
        "public_transport": "platform"
      },
      "geometry": {
        "type": "Point",
        "coordinates": [
          17.0585762,
          54.4853213
        ]
      },
      "id": "node/13103699126"
    },
    {
      "type": "Feature",
      "properties": {
        "@id": "node/13103699127",
        "bus": "yes",
        "highway": "bus_stop",
        "name": "Litewska",
        "network": "ZIM Słupsk",
        "public_transport": "platform"
      },
      "geometry": {
        "type": "Point",
        "coordinates": [
          17.0612154,
          54.4844643
        ]
      },
      "id": "node/13103699127"
    },
    {
      "type": "Feature",
      "properties": {
        "@id": "node/13103699128",
        "bus": "yes",
        "highway": "bus_stop",
        "name": "Duńska",
        "network": "ZIM Słupsk",
        "public_transport": "platform"
      },
      "geometry": {
        "type": "Point",
        "coordinates": [
          17.0602673,
          54.4819709
        ]
      },
      "id": "node/13103699128"
    },
    {
      "type": "Feature",
      "properties": {
        "@id": "node/13103699144",
        "bus": "yes",
        "highway": "bus_stop",
        "name": "Owocowa",
        "network": "ZIM Słupsk",
        "public_transport": "platform"
      },
      "geometry": {
        "type": "Point",
        "coordinates": [
          17.0501247,
          54.4821052
        ]
      },
      "id": "node/13103699144"
    },
    {
      "type": "Feature",
      "properties": {
        "@id": "node/13184159705",
        "bus": "yes",
        "departures_board": "timetable",
        "highway": "bus_stop",
        "name": "Braille`a 02",
        "network": "ZIM Słupsk",
        "operator": "ZIM Słupsk",
        "public_transport": "platform",
        "ref": "1242"
      },
      "geometry": {
        "type": "Point",
        "coordinates": [
          16.9921853,
          54.4713224
        ]
      },
      "id": "node/13184159705"
    },
    {
      "type": "Feature",
      "properties": {
        "@id": "node/13184159707",
        "bus": "yes",
        "departures_board": "timetable",
        "highway": "bus_stop",
        "name": "Braille`a 01",
        "network": "ZIM Słupsk",
        "operator": "ZIM Słupsk",
        "public_transport": "platform",
        "ref": "1241"
      },
      "geometry": {
        "type": "Point",
        "coordinates": [
          16.9918729,
          54.4714542
        ]
      },
      "id": "node/13184159707"
    },
    {
      "type": "Feature",
      "properties": {
        "@id": "node/13184159709",
        "bus": "yes",
        "departures_board": "timetable",
        "highway": "bus_stop",
        "name": "Zauchy 02",
        "network": "ZIM Słupsk",
        "operator": "ZIM Słupsk",
        "public_transport": "platform",
        "ref": "1222"
      },
      "geometry": {
        "type": "Point",
        "coordinates": [
          16.9875359,
          54.4719612
        ]
      },
      "id": "node/13184159709"
    },
    {
      "type": "Feature",
      "properties": {
        "@id": "node/13184159711",
        "bus": "yes",
        "departures_board": "timetable",
        "highway": "bus_stop",
        "name": "Zauchy 01",
        "network": "ZIM Słupsk",
        "operator": "ZIM Słupsk",
        "public_transport": "platform",
        "ref": "1221"
      },
      "geometry": {
        "type": "Point",
        "coordinates": [
          16.9871788,
          54.4721011
        ]
      },
      "id": "node/13184159711"
    },
    {
      "type": "Feature",
      "properties": {
        "@id": "node/13184159712",
        "bus": "yes",
        "departures_board": "timetable",
        "highway": "bus_stop",
        "name": "Zauchy 01",
        "network": "ZIM Słupsk",
        "operator": "ZIM Słupsk",
        "public_transport": "platform",
        "ref": "1221"
      },
      "geometry": {
        "type": "Point",
        "coordinates": [
          16.9871506,
          54.4720609
        ]
      },
      "id": "node/13184159712"
    },
    {
      "type": "Feature",
      "properties": {
        "@id": "node/13184159713",
        "bus": "yes",
        "departures_board": "timetable",
        "highway": "bus_stop",
        "name": "Ordonówny 02",
        "network": "ZIM Słupsk",
        "operator": "ZIM Słupsk",
        "public_transport": "platform",
        "ref": "1232"
      },
      "geometry": {
        "type": "Point",
        "coordinates": [
          16.9831717,
          54.472561
        ]
      },
      "id": "node/13184159713"
    },
    {
      "type": "Feature",
      "properties": {
        "@id": "node/13184159715",
        "bus": "yes",
        "departures_board": "timetable",
        "highway": "bus_stop",
        "name": "Ordonówny 01",
        "network": "ZIM Słupsk",
        "operator": "ZIM Słupsk",
        "public_transport": "platform",
        "ref": "1231"
      },
      "geometry": {
        "type": "Point",
        "coordinates": [
          16.9828599,
          54.4726788
        ]
      },
      "id": "node/13184159715"
    },
    {
      "type": "Feature",
      "properties": {
        "@id": "node/13184159718",
        "bus": "yes",
        "departures_board": "timetable",
        "highway": "bus_stop",
        "name": "Riedla 02",
        "network": "ZIM Słupsk",
        "operator": "ZIM Słupsk",
        "public_transport": "platform",
        "ref": "1262"
      },
      "geometry": {
        "type": "Point",
        "coordinates": [
          16.9790864,
          54.4727834
        ]
      },
      "id": "node/13184159718"
    },
    {
      "type": "Feature",
      "properties": {
        "@id": "node/13233672894",
        "bus": "yes",
        "highway": "bus_stop",
        "name": "Łady-Cybulskiego",
        "public_transport": "platform"
      },
      "geometry": {
        "type": "Point",
        "coordinates": [
          17.0610002,
          54.4528082
        ]
      },
      "id": "node/13233672894"
    },
    {
      "type": "Feature",
      "properties": {
        "@id": "node/13233672895",
        "bus": "yes",
        "highway": "bus_stop",
        "name": "Łady-Cybulskiego",
        "public_transport": "platform"
      },
      "geometry": {
        "type": "Point",
        "coordinates": [
          17.0609097,
          54.4529861
        ]
      },
      "id": "node/13233672895"
    },
    {
      "type": "Feature",
      "properties": {
        "@id": "node/13431371218",
        "bus": "yes",
        "departures_board": "timetable",
        "highway": "bus_stop",
        "name": "Kotarbińskiego 01",
        "network": "ZIM Słupsk",
        "not:network:wikidata": "Q28673250",
        "operator": "PKS Słupsk",
        "public_transport": "platform",
        "ref": "1201"
      },
      "geometry": {
        "type": "Point",
        "coordinates": [
          16.9964637,
          54.4616759
        ]
      },
      "id": "node/13431371218"
    }
  ]
}